date,park_name,facility,campers,revenue,rounds played,visitors
2022-06-01,Addison Oaks,campground,10.0,80.0,,
2022-06-01,Glen Oaks,golf,,1248.0,32.0,
2022-06-01,Groveland Oaks,campground,9.0,108.0,,
2022-06-01,Red Oaks,waterpark,,402.0,,134.0
2022-06-01,Springfield Oaks,golf,,1184.0,37.0,
2022-06-01,Waterford Oaks,waterpark,,852.0,,213.0
2022-06-02,Addison Oaks,campground,11.0,110.0,,
2022-06-02,Glen Oaks,golf,,1344.0,42.0,
2022-06-02,Groveland Oaks,campground,13.0,169.0,,
2022-06-02,Red Oaks,waterpark,,1148.0,,287.0
2022-06-02,Springfield Oaks,golf,,1485.0,45.0,
2022-06-02,Waterford Oaks,waterpark,,1316.0,,329.0
2022-06-03,Addison Oaks,campground,5.0,50.0,,
2022-06-03,Glen Oaks,golf,,962.0,26.0,
2022-06-03,Groveland Oaks,campground,11.0,143.0,,
2022-06-03,Red Oaks,waterpark,,680.0,,170.0
2022-06-03,Springfield Oaks,golf,,880.0,22.0,
2022-06-03,Waterford Oaks,waterpark,,534.0,,178.0
2022-06-04,Addison Oaks,campground,10.0,100.0,,
2022-06-04,Glen Oaks,golf,,1050.0,30.0,
2022-06-04,Groveland Oaks,campground,8.0,88.0,,
2022-06-04,Red Oaks,waterpark,,315.0,,105.0
2022-06-04,Springfield Oaks,golf,,782.0,23.0,
2022-06-04,Waterford Oaks,waterpark,,820.0,,164.0
2022-06-05,Addison Oaks,campground,17.0,204.0,,
2022-06-05,Glen Oaks,golf,,1376.0,43.0,
2022-06-05,Groveland Oaks,campground,13.0,169.0,,
2022-06-05,Red Oaks,waterpark,,1140.0,,380.0
2022-06-05,Springfield Oaks,golf,,1794.0,46.0,
2022-06-05,Waterford Oaks,waterpark,,1156.0,,289.0
2022-06-06,Addison Oaks,campground,6.0,72.0,,
2022-06-06,Glen Oaks,golf,,1020.0,34.0,
2022-06-06,Groveland Oaks,campground,15.0,180.0,,
2022-06-06,Red Oaks,waterpark,,768.0,,256.0
2022-06-06,Springfield Oaks,golf,,600.0,20.0,
2022-06-06,Waterford Oaks,waterpark,,780.0,,260.0
2022-06-07,Addison Oaks,campground,9.0,72.0,,
2022-06-07,Glen Oaks,golf,,957.0,29.0,
2022-06-07,Groveland Oaks,campground,10.0,150.0,,
2022-06-07,Red Oaks,waterpark,,876.0,,219.0
2022-06-07,Springfield Oaks,golf,,1116.0,36.0,
2022-06-07,Waterford Oaks,waterpark,,968.0,,242.0
2022-06-08,Addison Oaks,campground,18.0,216.0,,
2022-06-08,Glen Oaks,golf,,1760.0,44.0,
2022-06-08,Groveland Oaks,campground,11.0,121.0,,
2022-06-08,Red Oaks,waterpark,,2000.0,,400.0
2022-06-08,Springfield Oaks,golf,,1320.0,33.0,
2022-06-08,Waterford Oaks,waterpark,,771.0,,257.0
2022-06-09,Addison Oaks,campground,7.0,63.0,,
2022-06-09,Glen Oaks,golf,,1040.0,26.0,
2022-06-09,Groveland Oaks,campground,13.0,182.0,,
2022-06-09,Red Oaks,waterpark,,504.0,,126.0
2022-06-09,Springfield Oaks,golf,,704.0,22.0,
2022-06-09,Waterford Oaks,waterpark,,408.0,,136.0
2022-06-10,Addison Oaks,campground,11.0,121.0,,
2022-06-10,Glen Oaks,golf,,1287.0,39.0,
2022-06-10,Groveland Oaks,campground,9.0,135.0,,
2022-06-10,Red Oaks,waterpark,,448.0,,112.0
2022-06-10,Springfield Oaks,golf,,1120.0,35.0,
2022-06-10,Waterford Oaks,waterpark,,1072.0,,268.0
2022-06-11,Addison Oaks,campground,14.0,112.0,,
2022-06-11,Glen Oaks,golf,,920.0,23.0,
2022-06-11,Groveland Oaks,campground,13.0,195.0,,
2022-06-11,Red Oaks,waterpark,,633.0,,211.0
2022-06-11,Springfield Oaks,golf,,1287.0,33.0,
2022-06-11,Waterford Oaks,waterpark,,363.0,,121.0
2022-06-12,Addison Oaks,campground,6.0,54.0,,
2022-06-12,Glen Oaks,golf,,740.0,20.0,
2022-06-12,Groveland Oaks,campground,8.0,88.0,,
2022-06-12,Red Oaks,waterpark,,895.0,,179.0
2022-06-12,Springfield Oaks,golf,,748.0,22.0,
2022-06-12,Waterford Oaks,waterpark,,630.0,,126.0
2022-06-13,Addison Oaks,campground,17.0,204.0,,
2022-06-13,Glen Oaks,golf,,1786.0,47.0,
2022-06-13,Groveland Oaks,campground,13.0,169.0,,
2022-06-13,Red Oaks,waterpark,,981.0,,327.0
2022-06-13,Springfield Oaks,golf,,1155.0,33.0,
2022-06-13,Waterford Oaks,waterpark,,1256.0,,314.0
2022-06-14,Addison Oaks,campground,11.0,99.0,,
2022-06-14,Glen Oaks,golf,,1640.0,41.0,
2022-06-14,Groveland Oaks,campground,17.0,238.0,,
2022-06-14,Red Oaks,waterpark,,1036.0,,259.0
2022-06-14,Springfield Oaks,golf,,1216.0,32.0,
2022-06-14,Waterford Oaks,waterpark,,852.0,,213.0
2022-06-15,Addison Oaks,campground,8.0,80.0,,
2022-06-15,Glen Oaks,golf,,700.0,20.0,
2022-06-15,Groveland Oaks,campground,7.0,91.0,,
2022-06-15,Red Oaks,waterpark,,1016.0,,254.0
2022-06-15,Springfield Oaks,golf,,880.0,22.0,
2022-06-15,Waterford Oaks,waterpark,,520.0,,130.0
2022-06-16,Addison Oaks,campground,8.0,96.0,,
2022-06-16,Glen Oaks,golf,,1092.0,28.0,
2022-06-16,Groveland Oaks,campground,10.0,120.0,,
2022-06-16,Red Oaks,waterpark,,1015.0,,203.0
2022-06-16,Springfield Oaks,golf,,792.0,22.0,
2022-06-16,Waterford Oaks,waterpark,,896.0,,224.0
2022-06-17,Addison Oaks,campground,9.0,90.0,,
2022-06-17,Glen Oaks,golf,,918.0,27.0,
2022-06-17,Groveland Oaks,campground,5.0,50.0,,
2022-06-17,Red Oaks,waterpark,,1230.0,,246.0
2022-06-17,Springfield Oaks,golf,,782.0,23.0,
2022-06-17,Waterford Oaks,waterpark,,776.0,,194.0
2022-06-18,Addison Oaks,campground,15.0,135.0,,
2022-06-18,Glen Oaks,golf,,782.0,23.0,
2022-06-18,Groveland Oaks,campground,9.0,108.0,,
2022-06-18,Red Oaks,waterpark,,1135.0,,227.0
2022-06-18,Springfield Oaks,golf,,1332.0,37.0,
2022-06-18,Waterford Oaks,waterpark,,318.0,,106.0
2022-06-19,Addison Oaks,campground,6.0,66.0,,
2022-06-19,Glen Oaks,golf,,1085.0,35.0,
2022-06-19,Groveland Oaks,campground,13.0,143.0,,
2022-06-19,Red Oaks,waterpark,,438.0,,146.0
2022-06-19,Springfield Oaks,golf,,840.0,28.0,
2022-06-19,Waterford Oaks,waterpark,,488.0,,122.0
2022-06-20,Addison Oaks,campground,12.0,96.0,,
2022-06-20,Glen Oaks,golf,,900.0,25.0,
2022-06-20,Groveland Oaks,campground,15.0,180.0,,
2022-06-20,Red Oaks,waterpark,,1090.0,,218.0
2022-06-20,Springfield Oaks,golf,,836.0,22.0,
2022-06-20,Waterford Oaks,waterpark,,525.0,,105.0
2022-06-21,Addison Oaks,campground,9.0,99.0,,
2022-06-21,Glen Oaks,golf,,1240.0,31.0,
2022-06-21,Groveland Oaks,campground,12.0,156.0,,
2022-06-21,Red Oaks,waterpark,,357.0,,119.0
2022-06-21,Springfield Oaks,golf,,1156.0,34.0,
2022-06-21,Waterford Oaks,waterpark,,532.0,,133.0
2022-06-22,Addison Oaks,campground,19.0,228.0,,
2022-06-22,Glen Oaks,golf,,1617.0,49.0,
2022-06-22,Groveland Oaks,campground,17.0,238.0,,
2022-06-22,Red Oaks,waterpark,,1252.0,,313.0
2022-06-22,Springfield Oaks,golf,,1254.0,33.0,
2022-06-22,Waterford Oaks,waterpark,,819.0,,273.0
2022-06-23,Addison Oaks,campground,16.0,128.0,,
2022-06-23,Glen Oaks,golf,,1368.0,38.0,
2022-06-23,Groveland Oaks,campground,15.0,195.0,,
2022-06-23,Red Oaks,waterpark,,1324.0,,331.0
2022-06-23,Springfield Oaks,golf,,1020.0,34.0,
2022-06-23,Waterford Oaks,waterpark,,1455.0,,291.0
2022-06-24,Addison Oaks,campground,13.0,143.0,,
2022-06-24,Glen Oaks,golf,,1692.0,47.0,
2022-06-24,Groveland Oaks,campground,19.0,285.0,,
2022-06-24,Red Oaks,waterpark,,1715.0,,343.0
2022-06-24,Springfield Oaks,golf,,1209.0,39.0,
2022-06-24,Waterford Oaks,waterpark,,1135.0,,227.0
2022-06-25,Addison Oaks,campground,17.0,204.0,,
2022-06-25,Glen Oaks,golf,,1088.0,32.0,
2022-06-25,Groveland Oaks,campground,11.0,165.0,,
2022-06-25,Red Oaks,waterpark,,1055.0,,211.0
2022-06-25,Springfield Oaks,golf,,1530.0,45.0,
2022-06-25,Waterford Oaks,waterpark,,1170.0,,234.0
2022-06-26,Addison Oaks,campground,11.0,121.0,,
2022-06-26,Glen Oaks,golf,,1330.0,35.0,
2022-06-26,Groveland Oaks,campground,15.0,150.0,,
2022-06-26,Red Oaks,waterpark,,965.0,,193.0
2022-06-26,Springfield Oaks,golf,,630.0,21.0,
2022-06-26,Waterford Oaks,waterpark,,448.0,,112.0
2022-06-27,Addison Oaks,campground,6.0,54.0,,
2022-06-27,Glen Oaks,golf,,975.0,25.0,
2022-06-27,Groveland Oaks,campground,10.0,100.0,,
2022-06-27,Red Oaks,waterpark,,378.0,,126.0
2022-06-27,Springfield Oaks,golf,,880.0,22.0,
2022-06-27,Waterford Oaks,waterpark,,985.0,,197.0
2022-06-28,Addison Oaks,campground,6.0,72.0,,
2022-06-28,Glen Oaks,golf,,768.0,24.0,
2022-06-28,Groveland Oaks,campground,5.0,75.0,,
2022-06-28,Red Oaks,waterpark,,696.0,,174.0
2022-06-28,Springfield Oaks,golf,,1320.0,33.0,
2022-06-28,Waterford Oaks,waterpark,,900.0,,180.0
2022-06-29,Addison Oaks,campground,9.0,108.0,,
2022-06-29,Glen Oaks,golf,,1184.0,32.0,
2022-06-29,Groveland Oaks,campground,14.0,182.0,,
2022-06-29,Red Oaks,waterpark,,840.0,,280.0
2022-06-29,Springfield Oaks,golf,,780.0,26.0,
2022-06-29,Waterford Oaks,waterpark,,1188.0,,297.0
2022-06-30,Addison Oaks,campground,13.0,117.0,,
2022-06-30,Glen Oaks,golf,,1209.0,31.0,
2022-06-30,Groveland Oaks,campground,12.0,144.0,,
2022-06-30,Red Oaks,waterpark,,642.0,,214.0
2022-06-30,Springfield Oaks,golf,,1088.0,32.0,
2022-06-30,Waterford Oaks,waterpark,,915.0,,183.0
2022-07-01,Addison Oaks,campground,13.0,117.0,,
2022-07-01,Glen Oaks,golf,,1147.0,31.0,
2022-07-01,Groveland Oaks,campground,11.0,121.0,,
2022-07-01,Red Oaks,waterpark,,555.0,,111.0
2022-07-01,Springfield Oaks,golf,,1225.0,35.0,
2022-07-01,Waterford Oaks,waterpark,,612.0,,204.0
2022-07-02,Addison Oaks,campground,14.0,112.0,,
2022-07-02,Glen Oaks,golf,,756.0,21.0,
2022-07-02,Groveland Oaks,campground,9.0,108.0,,
2022-07-02,Red Oaks,waterpark,,765.0,,153.0
2022-07-02,Springfield Oaks,golf,,1184.0,37.0,
2022-07-02,Waterford Oaks,waterpark,,1240.0,,248.0
2022-07-03,Addison Oaks,campground,7.0,56.0,,
2022-07-03,Glen Oaks,golf,,1122.0,34.0,
2022-07-03,Groveland Oaks,campground,10.0,150.0,,
2022-07-03,Red Oaks,waterpark,,1245.0,,249.0
2022-07-03,Springfield Oaks,golf,,875.0,25.0,
2022-07-03,Waterford Oaks,waterpark,,815.0,,163.0
2022-07-04,Addison Oaks,campground,19.0,209.0,,
2022-07-04,Glen Oaks,golf,,1480.0,37.0,
2022-07-04,Groveland Oaks,campground,18.0,180.0,,
2022-07-04,Red Oaks,waterpark,,1220.0,,244.0
2022-07-04,Springfield Oaks,golf,,1394.0,41.0,
2022-07-04,Waterford Oaks,waterpark,,732.0,,244.0
2022-07-05,Addison Oaks,campground,12.0,108.0,,
2022-07-05,Glen Oaks,golf,,1080.0,30.0,
2022-07-05,Groveland Oaks,campground,5.0,65.0,,
2022-07-05,Red Oaks,waterpark,,618.0,,206.0
2022-07-05,Springfield Oaks,golf,,780.0,20.0,
2022-07-05,Waterford Oaks,waterpark,,1125.0,,225.0
2022-07-06,Addison Oaks,campground,14.0,126.0,,
2022-07-06,Glen Oaks,golf,,1258.0,37.0,
2022-07-06,Groveland Oaks,campground,18.0,216.0,,
2022-07-06,Red Oaks,waterpark,,1950.0,,390.0
2022-07-06,Springfield Oaks,golf,,1739.0,47.0,
2022-07-06,Waterford Oaks,waterpark,,720.0,,240.0
2022-07-07,Addison Oaks,campground,11.0,132.0,,
2022-07-07,Glen Oaks,golf,,1360.0,40.0,
2022-07-07,Groveland Oaks,campground,10.0,130.0,,
2022-07-07,Red Oaks,waterpark,,516.0,,129.0
2022-07-07,Springfield Oaks,golf,,1155.0,35.0,
2022-07-07,Waterford Oaks,waterpark,,564.0,,141.0
2022-07-08,Addison Oaks,campground,19.0,209.0,,
2022-07-08,Glen Oaks,golf,,1440.0,36.0,
2022-07-08,Groveland Oaks,campground,13.0,143.0,,
2022-07-08,Red Oaks,waterpark,,993.0,,331.0
2022-07-08,Springfield Oaks,golf,,1800.0,45.0,
2022-07-08,Waterford Oaks,waterpark,,1080.0,,360.0
2022-07-09,Addison Oaks,campground,12.0,132.0,,
2022-07-09,Glen Oaks,golf,,630.0,21.0,
2022-07-09,Groveland Oaks,campground,7.0,70.0,,
2022-07-09,Red Oaks,waterpark,,585.0,,195.0
2022-07-09,Springfield Oaks,golf,,1050.0,30.0,
2022-07-09,Waterford Oaks,waterpark,,905.0,,181.0
2022-07-10,Addison Oaks,campground,7.0,70.0,,
2022-07-10,Glen Oaks,golf,,850.0,25.0,
2022-07-10,Groveland Oaks,campground,11.0,143.0,,
2022-07-10,Red Oaks,waterpark,,543.0,,181.0
2022-07-10,Springfield Oaks,golf,,1080.0,27.0,
2022-07-10,Waterford Oaks,waterpark,,664.0,,166.0
2022-07-11,Addison Oaks,campground,6.0,60.0,,
2022-07-11,Glen Oaks,golf,,1209.0,31.0,
2022-07-11,Groveland Oaks,campground,13.0,169.0,,
2022-07-11,Red Oaks,waterpark,,1250.0,,250.0
2022-07-11,Springfield Oaks,golf,,1368.0,36.0,
2022-07-11,Waterford Oaks,waterpark,,880.0,,176.0
2022-07-12,Addison Oaks,campground,10.0,120.0,,
2022-07-12,Glen Oaks,golf,,1368.0,38.0,
2022-07-12,Groveland Oaks,campground,13.0,182.0,,
2022-07-12,Red Oaks,waterpark,,939.0,,313.0
2022-07-12,Springfield Oaks,golf,,930.0,30.0,
2022-07-12,Waterford Oaks,waterpark,,920.0,,230.0
2022-07-13,Addison Oaks,campground,10.0,80.0,,
2022-07-13,Glen Oaks,golf,,1225.0,35.0,
2022-07-13,Groveland Oaks,campground,5.0,75.0,,
2022-07-13,Red Oaks,waterpark,,1025.0,,205.0
2022-07-13,Springfield Oaks,golf,,1116.0,31.0,
2022-07-13,Waterford Oaks,waterpark,,843.0,,281.0
2022-07-14,Addison Oaks,campground,14.0,168.0,,
2022-07-14,Glen Oaks,golf,,1330.0,38.0,
2022-07-14,Groveland Oaks,campground,14.0,154.0,,
2022-07-14,Red Oaks,waterpark,,1685.0,,337.0
2022-07-14,Springfield Oaks,golf,,1240.0,31.0,
2022-07-14,Waterford Oaks,waterpark,,1820.0,,364.0
2022-07-15,Addison Oaks,campground,12.0,120.0,,
2022-07-15,Glen Oaks,golf,,651.0,21.0,
2022-07-15,Groveland Oaks,campground,5.0,70.0,,
2022-07-15,Red Oaks,waterpark,,876.0,,292.0
2022-07-15,Springfield Oaks,golf,,1050.0,30.0,
2022-07-15,Waterford Oaks,waterpark,,568.0,,142.0
2022-07-16,Addison Oaks,campground,13.0,143.0,,
2022-07-16,Glen Oaks,golf,,1110.0,37.0,
2022-07-16,Groveland Oaks,campground,6.0,90.0,,
2022-07-16,Red Oaks,waterpark,,447.0,,149.0
2022-07-16,Springfield Oaks,golf,,1254.0,33.0,
2022-07-16,Waterford Oaks,waterpark,,861.0,,287.0
2022-07-17,Addison Oaks,campground,15.0,135.0,,
2022-07-17,Glen Oaks,golf,,1188.0,36.0,
2022-07-17,Groveland Oaks,campground,8.0,112.0,,
2022-07-17,Red Oaks,waterpark,,864.0,,216.0
2022-07-17,Springfield Oaks,golf,,1221.0,37.0,
2022-07-17,Waterford Oaks,waterpark,,516.0,,129.0
2022-07-18,Addison Oaks,campground,13.0,104.0,,
2022-07-18,Glen Oaks,golf,,1360.0,40.0,
2022-07-18,Groveland Oaks,campground,13.0,182.0,,
2022-07-18,Red Oaks,waterpark,,1076.0,,269.0
2022-07-18,Springfield Oaks,golf,,1116.0,31.0,
2022-07-18,Waterford Oaks,waterpark,,852.0,,213.0
2022-07-19,Addison Oaks,campground,15.0,150.0,,
2022-07-19,Glen Oaks,golf,,858.0,22.0,
2022-07-19,Groveland Oaks,campground,9.0,117.0,,
2022-07-19,Red Oaks,waterpark,,996.0,,249.0
2022-07-19,Springfield Oaks,golf,,759.0,23.0,
2022-07-19,Waterford Oaks,waterpark,,656.0,,164.0
2022-07-20,Addison Oaks,campground,11.0,121.0,,
2022-07-20,Glen Oaks,golf,,1088.0,34.0,
2022-07-20,Groveland Oaks,campground,12.0,180.0,,
2022-07-20,Red Oaks,waterpark,,1130.0,,226.0
2022-07-20,Springfield Oaks,golf,,1088.0,32.0,
2022-07-20,Waterford Oaks,waterpark,,968.0,,242.0
2022-07-21,Addison Oaks,campground,15.0,165.0,,
2022-07-21,Glen Oaks,golf,,1080.0,27.0,
2022-07-21,Groveland Oaks,campground,12.0,120.0,,
2022-07-21,Red Oaks,waterpark,,1435.0,,287.0
2022-07-21,Springfield Oaks,golf,,714.0,21.0,
2022-07-21,Waterford Oaks,waterpark,,1045.0,,209.0
2022-07-22,Addison Oaks,campground,6.0,60.0,,
2022-07-22,Glen Oaks,golf,,768.0,24.0,
2022-07-22,Groveland Oaks,campground,5.0,75.0,,
2022-07-22,Red Oaks,waterpark,,715.0,,143.0
2022-07-22,Springfield Oaks,golf,,986.0,29.0,
2022-07-22,Waterford Oaks,waterpark,,675.0,,135.0
2022-07-23,Addison Oaks,campground,10.0,120.0,,
2022-07-23,Glen Oaks,golf,,1000.0,25.0,
2022-07-23,Groveland Oaks,campground,9.0,117.0,,
2022-07-23,Red Oaks,waterpark,,895.0,,179.0
2022-07-23,Springfield Oaks,golf,,936.0,24.0,
2022-07-23,Waterford Oaks,waterpark,,1495.0,,299.0
2022-07-24,Addison Oaks,campground,10.0,100.0,,
2022-07-24,Glen Oaks,golf,,1020.0,34.0,
2022-07-24,Groveland Oaks,campground,13.0,156.0,,
2022-07-24,Red Oaks,waterpark,,895.0,,179.0
2022-07-24,Springfield Oaks,golf,,700.0,20.0,
2022-07-24,Waterford Oaks,waterpark,,976.0,,244.0
2022-07-25,Addison Oaks,campground,18.0,198.0,,
2022-07-25,Glen Oaks,golf,,1216.0,38.0,
2022-07-25,Groveland Oaks,campground,15.0,165.0,,
2022-07-25,Red Oaks,waterpark,,1970.0,,394.0
2022-07-25,Springfield Oaks,golf,,1258.0,37.0,
2022-07-25,Waterford Oaks,waterpark,,1860.0,,372.0
2022-07-26,Addison Oaks,campground,15.0,165.0,,
2022-07-26,Glen Oaks,golf,,1040.0,26.0,
2022-07-26,Groveland Oaks,campground,13.0,130.0,,
2022-07-26,Red Oaks,waterpark,,1128.0,,282.0
2022-07-26,Springfield Oaks,golf,,1330.0,35.0,
2022-07-26,Waterford Oaks,waterpark,,1295.0,,259.0
2022-07-27,Addison Oaks,campground,6.0,54.0,,
2022-07-27,Glen Oaks,golf,,1023.0,33.0,
2022-07-27,Groveland Oaks,campground,12.0,168.0,,
2022-07-27,Red Oaks,waterpark,,609.0,,203.0
2022-07-27,Springfield Oaks,golf,,750.0,25.0,
2022-07-27,Waterford Oaks,waterpark,,440.0,,110.0
2022-07-28,Addison Oaks,campground,11.0,88.0,,
2022-07-28,Glen Oaks,golf,,792.0,22.0,
2022-07-28,Groveland Oaks,campground,14.0,168.0,,
2022-07-28,Red Oaks,waterpark,,1130.0,,226.0
2022-07-28,Springfield Oaks,golf,,792.0,24.0,
2022-07-28,Waterford Oaks,waterpark,,428.0,,107.0
2022-07-29,Addison Oaks,campground,10.0,100.0,,
2022-07-29,Glen Oaks,golf,,1190.0,34.0,
2022-07-29,Groveland Oaks,campground,11.0,154.0,,
2022-07-29,Red Oaks,waterpark,,644.0,,161.0
2022-07-29,Springfield Oaks,golf,,1131.0,29.0,
2022-07-29,Waterford Oaks,waterpark,,640.0,,128.0
2022-07-30,Addison Oaks,campground,14.0,168.0,,
2022-07-30,Glen Oaks,golf,,805.0,23.0,
2022-07-30,Groveland Oaks,campground,11.0,121.0,,
2022-07-30,Red Oaks,waterpark,,645.0,,129.0
2022-07-30,Springfield Oaks,golf,,777.0,21.0,
2022-07-30,Waterford Oaks,waterpark,,462.0,,154.0
2022-07-31,Addison Oaks,campground,14.0,154.0,,
2022-07-31,Glen Oaks,golf,,1292.0,34.0,
2022-07-31,Groveland Oaks,campground,11.0,154.0,,
2022-07-31,Red Oaks,waterpark,,856.0,,214.0
2022-07-31,Springfield Oaks,golf,,660.0,20.0,
2022-07-31,Waterford Oaks,waterpark,,880.0,,220.0
2022-08-01,Addison Oaks,campground,11.0,121.0,,
2022-08-01,Glen Oaks,golf,,1302.0,42.0,
2022-08-01,Groveland Oaks,campground,11.0,143.0,,
2022-08-01,Red Oaks,waterpark,,978.0,,326.0
2022-08-01,Springfield Oaks,golf,,1504.0,47.0,
2022-08-01,Waterford Oaks,waterpark,,1115.0,,223.0
2022-08-02,Addison Oaks,campground,12.0,132.0,,
2022-08-02,Glen Oaks,golf,,782.0,23.0,
2022-08-02,Groveland Oaks,campground,7.0,98.0,,
2022-08-02,Red Oaks,waterpark,,630.0,,126.0
2022-08-02,Springfield Oaks,golf,,1360.0,34.0,
2022-08-02,Waterford Oaks,waterpark,,630.0,,126.0
2022-08-03,Addison Oaks,campground,10.0,90.0,,
2022-08-03,Glen Oaks,golf,,1666.0,49.0,
2022-08-03,Groveland Oaks,campground,10.0,140.0,,
2022-08-03,Red Oaks,waterpark,,1085.0,,217.0
2022-08-03,Springfield Oaks,golf,,1054.0,34.0,
2022-08-03,Waterford Oaks,waterpark,,1083.0,,361.0
2022-08-04,Addison Oaks,campground,5.0,40.0,,
2022-08-04,Glen Oaks,golf,,1116.0,36.0,
2022-08-04,Groveland Oaks,campground,12.0,156.0,,
2022-08-04,Red Oaks,waterpark,,525.0,,105.0
2022-08-04,Springfield Oaks,golf,,960.0,32.0,
2022-08-04,Waterford Oaks,waterpark,,477.0,,159.0
2022-08-05,Addison Oaks,campground,13.0,104.0,,
2022-08-05,Glen Oaks,golf,,1365.0,39.0,
2022-08-05,Groveland Oaks,campground,14.0,210.0,,
2022-08-05,Red Oaks,waterpark,,1210.0,,242.0
2022-08-05,Springfield Oaks,golf,,1088.0,32.0,
2022-08-05,Waterford Oaks,waterpark,,1385.0,,277.0
2022-08-06,Addison Oaks,campground,15.0,120.0,,
2022-08-06,Glen Oaks,golf,,1330.0,38.0,
2022-08-06,Groveland Oaks,campground,11.0,132.0,,
2022-08-06,Red Oaks,waterpark,,670.0,,134.0
2022-08-06,Springfield Oaks,golf,,930.0,30.0,
2022-08-06,Waterford Oaks,waterpark,,1148.0,,287.0
2022-08-07,Addison Oaks,campground,6.0,54.0,,
2022-08-07,Glen Oaks,golf,,713.0,23.0,
2022-08-07,Groveland Oaks,campground,14.0,182.0,,
2022-08-07,Red Oaks,waterpark,,858.0,,286.0
2022-08-07,Springfield Oaks,golf,,1152.0,32.0,
2022-08-07,Waterford Oaks,waterpark,,764.0,,191.0
2022-08-08,Addison Oaks,campground,15.0,180.0,,
2022-08-08,Glen Oaks,golf,,1369.0,37.0,
2022-08-08,Groveland Oaks,campground,10.0,150.0,,
2022-08-08,Red Oaks,waterpark,,880.0,,176.0
2022-08-08,Springfield Oaks,golf,,1184.0,32.0,
2022-08-08,Waterford Oaks,waterpark,,1168.0,,292.0
2022-08-09,Addison Oaks,campground,5.0,40.0,,
2022-08-09,Glen Oaks,golf,,875.0,25.0,
2022-08-09,Groveland Oaks,campground,15.0,180.0,,
2022-08-09,Red Oaks,waterpark,,1130.0,,226.0
2022-08-09,Springfield Oaks,golf,,1014.0,26.0,
2022-08-09,Waterford Oaks,waterpark,,546.0,,182.0
2022-08-10,Addison Oaks,campground,10.0,120.0,,
2022-08-10,Glen Oaks,golf,,918.0,27.0,
2022-08-10,Groveland Oaks,campground,15.0,165.0,,
2022-08-10,Red Oaks,waterpark,,550.0,,110.0
2022-08-10,Springfield Oaks,golf,,775.0,25.0,
2022-08-10,Waterford Oaks,waterpark,,765.0,,255.0
2022-08-11,Addison Oaks,campground,9.0,99.0,,
2022-08-11,Glen Oaks,golf,,1131.0,29.0,
2022-08-11,Groveland Oaks,campground,14.0,196.0,,
2022-08-11,Red Oaks,waterpark,,1245.0,,249.0
2022-08-11,Springfield Oaks,golf,,1116.0,31.0,
2022-08-11,Waterford Oaks,waterpark,,387.0,,129.0
2022-08-12,Addison Oaks,campground,9.0,81.0,,
2022-08-12,Glen Oaks,golf,,896.0,28.0,
2022-08-12,Groveland Oaks,campground,15.0,195.0,,
2022-08-12,Red Oaks,waterpark,,735.0,,147.0
2022-08-12,Springfield Oaks,golf,,1064.0,28.0,
2022-08-12,Waterford Oaks,waterpark,,828.0,,276.0
2022-08-13,Addison Oaks,campground,10.0,110.0,,
2022-08-13,Glen Oaks,golf,,1260.0,36.0,
2022-08-13,Groveland Oaks,campground,11.0,132.0,,
2022-08-13,Red Oaks,waterpark,,1895.0,,379.0
2022-08-13,Springfield Oaks,golf,,1600.0,50.0,
2022-08-13,Waterford Oaks,waterpark,,1410.0,,282.0
2022-08-14,Addison Oaks,campground,14.0,140.0,,
2022-08-14,Glen Oaks,golf,,936.0,26.0,
2022-08-14,Groveland Oaks,campground,5.0,50.0,,
2022-08-14,Red Oaks,waterpark,,945.0,,189.0
2022-08-14,Springfield Oaks,golf,,1116.0,31.0,
2022-08-14,Waterford Oaks,waterpark,,771.0,,257.0
2022-08-15,Addison Oaks,campground,5.0,40.0,,
2022-08-15,Glen Oaks,golf,,1088.0,32.0,
2022-08-15,Groveland Oaks,campground,15.0,225.0,,
2022-08-15,Red Oaks,waterpark,,980.0,,245.0
2022-08-15,Springfield Oaks,golf,,1155.0,35.0,
2022-08-15,Waterford Oaks,waterpark,,369.0,,123.0
2022-08-16,Addison Oaks,campground,15.0,180.0,,
2022-08-16,Glen Oaks,golf,,992.0,32.0,
2022-08-16,Groveland Oaks,campground,7.0,98.0,,
2022-08-16,Red Oaks,waterpark,,472.0,,118.0
2022-08-16,Springfield Oaks,golf,,1088.0,34.0,
2022-08-16,Waterford Oaks,waterpark,,330.0,,110.0
2022-08-17,Addison Oaks,campground,5.0,55.0,,
2022-08-17,Glen Oaks,golf,,1443.0,39.0,
2022-08-17,Groveland Oaks,campground,8.0,80.0,,
2022-08-17,Red Oaks,waterpark,,567.0,,189.0
2022-08-17,Springfield Oaks,golf,,600.0,20.0,
2022-08-17,Waterford Oaks,waterpark,,1104.0,,276.0
2022-08-18,Addison Oaks,campground,11.0,99.0,,
2022-08-18,Glen Oaks,golf,,1209.0,39.0,
2022-08-18,Groveland Oaks,campground,12.0,168.0,,
2022-08-18,Red Oaks,waterpark,,834.0,,278.0
2022-08-18,Springfield Oaks,golf,,900.0,30.0,
2022-08-18,Waterford Oaks,waterpark,,795.0,,159.0
2022-08-19,Addison Oaks,campground,11.0,110.0,,
2022-08-19,Glen Oaks,golf,,1380.0,46.0,
2022-08-19,Groveland Oaks,campground,19.0,228.0,,
2022-08-19,Red Oaks,waterpark,,1280.0,,256.0
2022-08-19,Springfield Oaks,golf,,1517.0,41.0,
2022-08-19,Waterford Oaks,waterpark,,1416.0,,354.0
2022-08-20,Addison Oaks,campground,10.0,90.0,,
2022-08-20,Glen Oaks,golf,,957.0,29.0,
2022-08-20,Groveland Oaks,campground,14.0,140.0,,
2022-08-20,Red Oaks,waterpark,,1188.0,,297.0
2022-08-20,Springfield Oaks,golf,,924.0,28.0,
2022-08-20,Waterford Oaks,waterpark,,912.0,,228.0
2022-08-21,Addison Oaks,campground,6.0,54.0,,
2022-08-21,Glen Oaks,golf,,1440.0,36.0,
2022-08-21,Groveland Oaks,campground,15.0,195.0,,
2022-08-21,Red Oaks,waterpark,,1405.0,,281.0
2022-08-21,Springfield Oaks,golf,,858.0,22.0,
2022-08-21,Waterford Oaks,waterpark,,560.0,,140.0
2022-08-22,Addison Oaks,campground,14.0,168.0,,
2022-08-22,Glen Oaks,golf,,1014.0,26.0,
2022-08-22,Groveland Oaks,campground,13.0,169.0,,
2022-08-22,Red Oaks,waterpark,,882.0,,294.0
2022-08-22,Springfield Oaks,golf,,780.0,20.0,
2022-08-22,Waterford Oaks,waterpark,,1080.0,,216.0
2022-08-23,Addison Oaks,campground,7.0,77.0,,
2022-08-23,Glen Oaks,golf,,735.0,21.0,
2022-08-23,Groveland Oaks,campground,9.0,135.0,,
2022-08-23,Red Oaks,waterpark,,1270.0,,254.0
2022-08-23,Springfield Oaks,golf,,1184.0,32.0,
2022-08-23,Waterford Oaks,waterpark,,1220.0,,244.0
2022-08-24,Addison Oaks,campground,20.0,180.0,,
2022-08-24,Glen Oaks,golf,,1050.0,30.0,
2022-08-24,Groveland Oaks,campground,18.0,216.0,,
2022-08-24,Red Oaks,waterpark,,1496.0,,374.0
2022-08-24,Springfield Oaks,golf,,1287.0,33.0,
2022-08-24,Waterford Oaks,waterpark,,1444.0,,361.0
2022-08-25,Addison Oaks,campground,7.0,77.0,,
2022-08-25,Glen Oaks,golf,,1120.0,28.0,
2022-08-25,Groveland Oaks,campground,14.0,154.0,,
2022-08-25,Red Oaks,waterpark,,652.0,,163.0
2022-08-25,Springfield Oaks,golf,,858.0,26.0,
2022-08-25,Waterford Oaks,waterpark,,1435.0,,287.0
2022-08-26,Addison Oaks,campground,5.0,40.0,,
2022-08-26,Glen Oaks,golf,,1320.0,33.0,
2022-08-26,Groveland Oaks,campground,8.0,80.0,,
2022-08-26,Red Oaks,waterpark,,1300.0,,260.0
2022-08-26,Springfield Oaks,golf,,1102.0,29.0,
2022-08-26,Waterford Oaks,waterpark,,1490.0,,298.0
2022-08-27,Addison Oaks,campground,11.0,121.0,,
2022-08-27,Glen Oaks,golf,,1023.0,31.0,
2022-08-27,Groveland Oaks,campground,11.0,165.0,,
2022-08-27,Red Oaks,waterpark,,1152.0,,288.0
2022-08-27,Springfield Oaks,golf,,1271.0,41.0,
2022-08-27,Waterford Oaks,waterpark,,813.0,,271.0
2022-08-28,Addison Oaks,campground,10.0,90.0,,
2022-08-28,Glen Oaks,golf,,990.0,33.0,
2022-08-28,Groveland Oaks,campground,9.0,90.0,,
2022-08-28,Red Oaks,waterpark,,920.0,,230.0
2022-08-28,Springfield Oaks,golf,,880.0,22.0,
2022-08-28,Waterford Oaks,waterpark,,856.0,,214.0
2022-08-29,Addison Oaks,campground,11.0,88.0,,
2022-08-29,Glen Oaks,golf,,1254.0,33.0,
2022-08-29,Groveland Oaks,campground,14.0,140.0,,
2022-08-29,Red Oaks,waterpark,,780.0,,195.0
2022-08-29,Springfield Oaks,golf,,962.0,26.0,
2022-08-29,Waterford Oaks,waterpark,,333.0,,111.0
2022-08-30,Addison Oaks,campground,5.0,60.0,,
2022-08-30,Glen Oaks,golf,,1040.0,26.0,
2022-08-30,Groveland Oaks,campground,5.0,50.0,,
2022-08-30,Red Oaks,waterpark,,633.0,,211.0
2022-08-30,Springfield Oaks,golf,,924.0,28.0,
2022-08-30,Waterford Oaks,waterpark,,1335.0,,267.0
2022-08-31,Addison Oaks,campground,11.0,110.0,,
2022-08-31,Glen Oaks,golf,,770.0,22.0,
2022-08-31,Groveland Oaks,campground,7.0,105.0,,
2022-08-31,Red Oaks,waterpark,,885.0,,177.0
2022-08-31,Springfield Oaks,golf,,1000.0,25.0,
2022-08-31,Waterford Oaks,waterpark,,1470.0,,294.0
2023-06-01,Addison Oaks,campground,10.0,100.0,,
2023-06-01,Glen Oaks,golf,,1160.0,29.0,
2023-06-01,Groveland Oaks,campground,7.0,91.0,,
2023-06-01,Red Oaks,waterpark,,535.0,,107.0
2023-06-01,Springfield Oaks,golf,,1480.0,40.0,
2023-06-01,Waterford Oaks,waterpark,,765.0,,153.0
2023-06-02,Addison Oaks,campground,15.0,150.0,,
2023-06-02,Glen Oaks,golf,,870.0,29.0,
2023-06-02,Groveland Oaks,campground,8.0,120.0,,
2023-06-02,Red Oaks,waterpark,,747.0,,249.0
2023-06-02,Springfield Oaks,golf,,925.0,25.0,
2023-06-02,Waterford Oaks,waterpark,,1290.0,,258.0
2023-06-03,Addison Oaks,campground,11.0,132.0,,
2023-06-03,Glen Oaks,golf,,961.0,31.0,
2023-06-03,Groveland Oaks,campground,15.0,195.0,,
2023-06-03,Red Oaks,waterpark,,828.0,,207.0
2023-06-03,Springfield Oaks,golf,,864.0,24.0,
2023-06-03,Waterford Oaks,waterpark,,696.0,,232.0
2023-06-04,Addison Oaks,campground,8.0,72.0,,
2023-06-04,Glen Oaks,golf,,1020.0,30.0,
2023-06-04,Groveland Oaks,campground,12.0,168.0,,
2023-06-04,Red Oaks,waterpark,,812.0,,203.0
2023-06-04,Springfield Oaks,golf,,1190.0,35.0,
2023-06-04,Waterford Oaks,waterpark,,860.0,,215.0
2023-06-05,Addison Oaks,campground,13.0,117.0,,
2023-06-05,Glen Oaks,golf,,1365.0,35.0,
2023-06-05,Groveland Oaks,campground,6.0,84.0,,
2023-06-05,Red Oaks,waterpark,,849.0,,283.0
2023-06-05,Springfield Oaks,golf,,1088.0,34.0,
2023-06-05,Waterford Oaks,waterpark,,664.0,,166.0
2023-06-06,Addison Oaks,campground,10.0,110.0,,
2023-06-06,Glen Oaks,golf,,1326.0,39.0,
2023-06-06,Groveland Oaks,campground,9.0,90.0,,
2023-06-06,Red Oaks,waterpark,,1255.0,,251.0
2023-06-06,Springfield Oaks,golf,,1056.0,33.0,
2023-06-06,Waterford Oaks,waterpark,,785.0,,157.0
2023-06-07,Addison Oaks,campground,19.0,209.0,,
2023-06-07,Glen Oaks,golf,,1620.0,45.0,
2023-06-07,Groveland Oaks,campground,11.0,132.0,,
2023-06-07,Red Oaks,waterpark,,1090.0,,218.0
2023-06-07,Springfield Oaks,golf,,1155.0,33.0,
2023-06-07,Waterford Oaks,waterpark,,1475.0,,295.0
2023-06-08,Addison Oaks,campground,6.0,48.0,,
2023-06-08,Glen Oaks,golf,,792.0,24.0,
2023-06-08,Groveland Oaks,campground,15.0,165.0,,
2023-06-08,Red Oaks,waterpark,,880.0,,176.0
2023-06-08,Springfield Oaks,golf,,1110.0,37.0,
2023-06-08,Waterford Oaks,waterpark,,477.0,,159.0
2023-06-09,Addison Oaks,campground,8.0,88.0,,
2023-06-09,Glen Oaks,golf,,864.0,27.0,
2023-06-09,Groveland Oaks,campground,14.0,196.0,,
2023-06-09,Red Oaks,waterpark,,985.0,,197.0
2023-06-09,Springfield Oaks,golf,,896.0,28.0,
2023-06-09,Waterford Oaks,waterpark,,618.0,,206.0
2023-06-10,Addison Oaks,campground,13.0,143.0,,
2023-06-10,Glen Oaks,golf,,961.0,31.0,
2023-06-10,Groveland Oaks,campground,13.0,195.0,,
2023-06-10,Red Oaks,waterpark,,1495.0,,299.0
2023-06-10,Springfield Oaks,golf,,819.0,21.0,
2023-06-10,Waterford Oaks,waterpark,,459.0,,153.0
2023-06-11,Addison Oaks,campground,14.0,168.0,,
2023-06-11,Glen Oaks,golf,,1480.0,37.0,
2023-06-11,Groveland Oaks,campground,9.0,99.0,,
2023-06-11,Red Oaks,waterpark,,897.0,,299.0
2023-06-11,Springfield Oaks,golf,,960.0,30.0,
2023-06-11,Waterford Oaks,waterpark,,744.0,,248.0
2023-06-12,Addison Oaks,campground,13.0,143.0,,
2023-06-12,Glen Oaks,golf,,900.0,25.0,
2023-06-12,Groveland Oaks,campground,6.0,90.0,,
2023-06-12,Red Oaks,waterpark,,426.0,,142.0
2023-06-12,Springfield Oaks,golf,,777.0,21.0,
2023-06-12,Waterford Oaks,waterpark,,792.0,,264.0
2023-06-13,Addison Oaks,campground,14.0,140.0,,
2023-06-13,Glen Oaks,golf,,1088.0,34.0,
2023-06-13,Groveland Oaks,campground,6.0,90.0,,
2023-06-13,Red Oaks,waterpark,,1470.0,,294.0
2023-06-13,Springfield Oaks,golf,,1404.0,36.0,
2023-06-13,Waterford Oaks,waterpark,,732.0,,183.0
2023-06-14,Addison Oaks,campground,7.0,70.0,,
2023-06-14,Glen Oaks,golf,,805.0,23.0,
2023-06-14,Groveland Oaks,campground,11.0,121.0,,
2023-06-14,Red Oaks,waterpark,,1016.0,,254.0
2023-06-14,Springfield Oaks,golf,,713.0,23.0,
2023-06-14,Waterford Oaks,waterpark,,1030.0,,206.0
2023-06-15,Addison Oaks,campground,11.0,121.0,,
2023-06-15,Glen Oaks,golf,,1073.0,29.0,
2023-06-15,Groveland Oaks,campground,9.0,135.0,,
2023-06-15,Red Oaks,waterpark,,1450.0,,290.0
2023-06-15,Springfield Oaks,golf,,1147.0,31.0,
2023-06-15,Waterford Oaks,waterpark,,876.0,,292.0
2023-06-16,Addison Oaks,campground,10.0,100.0,,
2023-06-16,Glen Oaks,golf,,1326.0,34.0,
2023-06-16,Groveland Oaks,campground,15.0,195.0,,
2023-06-16,Red Oaks,waterpark,,1164.0,,291.0
2023-06-16,Springfield Oaks,golf,,1216.0,32.0,
2023-06-16,Waterford Oaks,waterpark,,666.0,,222.0
2023-06-17,Addison Oaks,campground,7.0,77.0,,
2023-06-17,Glen Oaks,golf,,1020.0,34.0,
2023-06-17,Groveland Oaks,campground,11.0,132.0,,
2023-06-17,Red Oaks,waterpark,,710.0,,142.0
2023-06-17,Springfield Oaks,golf,,1092.0,28.0,
2023-06-17,Waterford Oaks,waterpark,,1096.0,,274.0
2023-06-18,Addison Oaks,campground,15.0,150.0,,
2023-06-18,Glen Oaks,golf,,864.0,27.0,
2023-06-18,Groveland Oaks,campground,13.0,169.0,,
2023-06-18,Red Oaks,waterpark,,1076.0,,269.0
2023-06-18,Springfield Oaks,golf,,972.0,27.0,
2023-06-18,Waterford Oaks,waterpark,,1420.0,,284.0
2023-06-19,Addison Oaks,campground,8.0,72.0,,
2023-06-19,Glen Oaks,golf,,1178.0,31.0,
2023-06-19,Groveland Oaks,campground,9.0,126.0,,
2023-06-19,Red Oaks,waterpark,,1475.0,,295.0
2023-06-19,Springfield Oaks,golf,,1404.0,39.0,
2023-06-19,Waterford Oaks,waterpark,,920.0,,184.0
2023-06-20,Addison Oaks,campground,6.0,54.0,,
2023-06-20,Glen Oaks,golf,,1482.0,39.0,
2023-06-20,Groveland Oaks,campground,5.0,50.0,,
2023-06-20,Red Oaks,waterpark,,1210.0,,242.0
2023-06-20,Springfield Oaks,golf,,1480.0,37.0,
2023-06-20,Waterford Oaks,waterpark,,1475.0,,295.0
2023-06-21,Addison Oaks,campground,14.0,154.0,,
2023-06-21,Glen Oaks,golf,,1260.0,35.0,
2023-06-21,Groveland Oaks,campground,9.0,126.0,,
2023-06-21,Red Oaks,waterpark,,756.0,,252.0
2023-06-21,Springfield Oaks,golf,,1188.0,36.0,
2023-06-21,Waterford Oaks,waterpark,,660.0,,220.0
2023-06-22,Addison Oaks,campground,15.0,135.0,,
2023-06-22,Glen Oaks,golf,,1360.0,34.0,
2023-06-22,Groveland Oaks,campground,9.0,90.0,,
2023-06-22,Red Oaks,waterpark,,724.0,,181.0
2023-06-22,Springfield Oaks,golf,,819.0,21.0,
2023-06-22,Waterford Oaks,waterpark,,416.0,,104.0
2023-06-23,Addison Oaks,campground,9.0,81.0,,
2023-06-23,Glen Oaks,golf,,1368.0,38.0,
2023-06-23,Groveland Oaks,campground,14.0,196.0,,
2023-06-23,Red Oaks,waterpark,,588.0,,147.0
2023-06-23,Springfield Oaks,golf,,1295.0,37.0,
2023-06-23,Waterford Oaks,waterpark,,699.0,,233.0
2023-06-24,Addison Oaks,campground,12.0,132.0,,
2023-06-24,Glen Oaks,golf,,1406.0,37.0,
2023-06-24,Groveland Oaks,campground,13.0,130.0,,
2023-06-24,Red Oaks,waterpark,,520.0,,130.0
2023-06-24,Springfield Oaks,golf,,792.0,22.0,
2023-06-24,Waterford Oaks,waterpark,,873.0,,291.0
2023-06-25,Addison Oaks,campground,11.0,132.0,,
2023-06-25,Glen Oaks,golf,,1254.0,33.0,
2023-06-25,Groveland Oaks,campground,11.0,143.0,,
2023-06-25,Red Oaks,waterpark,,680.0,,170.0
2023-06-25,Springfield Oaks,golf,,1225.0,35.0,
2023-06-25,Waterford Oaks,waterpark,,704.0,,176.0
2023-06-26,Addison Oaks,campground,17.0,187.0,,
2023-06-26,Glen Oaks,golf,,1287.0,33.0,
2023-06-26,Groveland Oaks,campground,19.0,209.0,,
2023-06-26,Red Oaks,waterpark,,1110.0,,370.0
2023-06-26,Springfield Oaks,golf,,1440.0,45.0,
2023-06-26,Waterford Oaks,waterpark,,852.0,,213.0
2023-06-27,Addison Oaks,campground,14.0,154.0,,
2023-06-27,Glen Oaks,golf,,900.0,30.0,
2023-06-27,Groveland Oaks,campground,12.0,120.0,,
2023-06-27,Red Oaks,waterpark,,1300.0,,260.0
2023-06-27,Springfield Oaks,golf,,950.0,25.0,
2023-06-27,Waterford Oaks,waterpark,,572.0,,143.0
2023-06-28,Addison Oaks,campground,11.0,99.0,,
2023-06-28,Glen Oaks,golf,,1400.0,40.0,
2023-06-28,Groveland Oaks,campground,12.0,132.0,,
2023-06-28,Red Oaks,waterpark,,1950.0,,390.0
2023-06-28,Springfield Oaks,golf,,1504.0,47.0,
2023-06-28,Waterford Oaks,waterpark,,1205.0,,241.0
2023-06-29,Addison Oaks,campground,15.0,180.0,,
2023-06-29,Glen Oaks,golf,,1170.0,39.0,
2023-06-29,Groveland Oaks,campground,11.0,121.0,,
2023-06-29,Red Oaks,waterpark,,1244.0,,311.0
2023-06-29,Springfield Oaks,golf,,1320.0,33.0,
2023-06-29,Waterford Oaks,waterpark,,828.0,,276.0
2023-06-30,Addison Oaks,campground,13.0,143.0,,
2023-06-30,Glen Oaks,golf,,1376.0,43.0,
2023-06-30,Groveland Oaks,campground,10.0,130.0,,
2023-06-30,Red Oaks,waterpark,,920.0,,230.0
2023-06-30,Springfield Oaks,golf,,1862.0,49.0,
2023-06-30,Waterford Oaks,waterpark,,1464.0,,366.0
2023-07-01,Addison Oaks,campground,12.0,108.0,,
2023-07-01,Glen Oaks,golf,,693.0,21.0,
2023-07-01,Groveland Oaks,campground,14.0,168.0,,
2023-07-01,Red Oaks,waterpark,,1020.0,,255.0
2023-07-01,Springfield Oaks,golf,,1326.0,39.0,
2023-07-01,Waterford Oaks,waterpark,,990.0,,198.0
2023-07-02,Addison Oaks,campground,13.0,156.0,,
2023-07-02,Glen Oaks,golf,,1156.0,34.0,
2023-07-02,Groveland Oaks,campground,7.0,91.0,,
2023-07-02,Red Oaks,waterpark,,447.0,,149.0
2023-07-02,Springfield Oaks,golf,,1024.0,32.0,
2023-07-02,Waterford Oaks,waterpark,,1188.0,,297.0
2023-07-03,Addison Oaks,campground,14.0,126.0,,
2023-07-03,Glen Oaks,golf,,740.0,20.0,
2023-07-03,Groveland Oaks,campground,12.0,132.0,,
2023-07-03,Red Oaks,waterpark,,655.0,,131.0
2023-07-03,Springfield Oaks,golf,,1064.0,28.0,
2023-07-03,Waterford Oaks,waterpark,,870.0,,174.0
2023-07-04,Addison Oaks,campground,6.0,48.0,,
2023-07-04,Glen Oaks,golf,,1320.0,40.0,
2023-07-04,Groveland Oaks,campground,9.0,90.0,,
2023-07-04,Red Oaks,waterpark,,1370.0,,274.0
2023-07-04,Springfield Oaks,golf,,1320.0,40.0,
2023-07-04,Waterford Oaks,waterpark,,564.0,,188.0
2023-07-05,Addison Oaks,campground,15.0,180.0,,
2023-07-05,Glen Oaks,golf,,896.0,28.0,
2023-07-05,Groveland Oaks,campground,9.0,99.0,,
2023-07-05,Red Oaks,waterpark,,792.0,,198.0
2023-07-05,Springfield Oaks,golf,,1480.0,37.0,
2023-07-05,Waterford Oaks,waterpark,,1044.0,,261.0
2023-07-06,Addison Oaks,campground,15.0,165.0,,
2023-07-06,Glen Oaks,golf,,891.0,27.0,
2023-07-06,Groveland Oaks,campground,14.0,210.0,,
2023-07-06,Red Oaks,waterpark,,1320.0,,264.0
2023-07-06,Springfield Oaks,golf,,1369.0,37.0,
2023-07-06,Waterford Oaks,waterpark,,440.0,,110.0
2023-07-07,Addison Oaks,campground,16.0,160.0,,
2023-07-07,Glen Oaks,golf,,1540.0,44.0,
2023-07-07,Groveland Oaks,campground,15.0,210.0,,
2023-07-07,Red Oaks,waterpark,,1080.0,,270.0
2023-07-07,Springfield Oaks,golf,,1365.0,35.0,
2023-07-07,Waterford Oaks,waterpark,,1560.0,,312.0
2023-07-08,Addison Oaks,campground,13.0,117.0,,
2023-07-08,Glen Oaks,golf,,1258.0,34.0,
2023-07-08,Groveland Oaks,campground,10.0,120.0,,
2023-07-08,Red Oaks,waterpark,,1172.0,,293.0
2023-07-08,Springfield Oaks,golf,,957.0,29.0,
2023-07-08,Waterford Oaks,waterpark,,639.0,,213.0
2023-07-09,Addison Oaks,campground,10.0,100.0,,
2023-07-09,Glen Oaks,golf,,690.0,23.0,
2023-07-09,Groveland Oaks,campground,8.0,88.0,,
2023-07-09,Red Oaks,waterpark,,690.0,,138.0
2023-07-09,Springfield Oaks,golf,,1254.0,38.0,
2023-07-09,Waterford Oaks,waterpark,,950.0,,190.0
2023-07-10,Addison Oaks,campground,11.0,110.0,,
2023-07-10,Glen Oaks,golf,,896.0,28.0,
2023-07-10,Groveland Oaks,campground,9.0,117.0,,
2023-07-10,Red Oaks,waterpark,,952.0,,238.0
2023-07-10,Springfield Oaks,golf,,720.0,24.0,
2023-07-10,Waterford Oaks,waterpark,,1440.0,,288.0
2023-07-11,Addison Oaks,campground,15.0,180.0,,
2023-07-11,Glen Oaks,golf,,1365.0,39.0,
2023-07-11,Groveland Oaks,campground,10.0,150.0,,
2023-07-11,Red Oaks,waterpark,,1465.0,,293.0
2023-07-11,Springfield Oaks,golf,,1258.0,34.0,
2023-07-11,Waterford Oaks,waterpark,,693.0,,231.0
2023-07-12,Addison Oaks,campground,16.0,160.0,,
2023-07-12,Glen Oaks,golf,,1190.0,35.0,
2023-07-12,Groveland Oaks,campground,13.0,143.0,,
2023-07-12,Red Oaks,waterpark,,1268.0,,317.0
2023-07-12,Springfield Oaks,golf,,1716.0,44.0,
2023-07-12,Waterford Oaks,waterpark,,1170.0,,390.0
2023-07-13,Addison Oaks,campground,12.0,144.0,,
2023-07-13,Glen Oaks,golf,,986.0,29.0,
2023-07-13,Groveland Oaks,campground,11.0,132.0,,
2023-07-13,Red Oaks,waterpark,,972.0,,243.0
2023-07-13,Springfield Oaks,golf,,1443.0,37.0,
2023-07-13,Waterford Oaks,waterpark,,900.0,,300.0
2023-07-14,Addison Oaks,campground,6.0,72.0,,
2023-07-14,Glen Oaks,golf,,1050.0,35.0,
2023-07-14,Groveland Oaks,campground,5.0,75.0,,
2023-07-14,Red Oaks,waterpark,,771.0,,257.0
2023-07-14,Springfield Oaks,golf,,858.0,26.0,
2023-07-14,Waterford Oaks,waterpark,,976.0,,244.0
2023-07-15,Addison Oaks,campground,10.0,100.0,,
2023-07-15,Glen Oaks,golf,,1155.0,33.0,
2023-07-15,Groveland Oaks,campground,12.0,120.0,,
2023-07-15,Red Oaks,waterpark,,1075.0,,215.0
2023-07-15,Springfield Oaks,golf,,1085.0,35.0,
2023-07-15,Waterford Oaks,waterpark,,639.0,,213.0
2023-07-16,Addison Oaks,campground,5.0,55.0,,
2023-07-16,Glen Oaks,golf,,1116.0,36.0,
2023-07-16,Groveland Oaks,campground,5.0,65.0,,
2023-07-16,Red Oaks,waterpark,,824.0,,206.0
2023-07-16,Springfield Oaks,golf,,825.0,25.0,
2023-07-16,Waterford Oaks,waterpark,,459.0,,153.0
2023-07-17,Addison Oaks,campground,6.0,72.0,,
2023-07-17,Glen Oaks,golf,,713.0,23.0,
2023-07-17,Groveland Oaks,campground,15.0,165.0,,
2023-07-17,Red Oaks,waterpark,,300.0,,100.0
2023-07-17,Springfield Oaks,golf,,1156.0,34.0,
2023-07-17,Waterford Oaks,waterpark,,665.0,,133.0
2023-07-18,Addison Oaks,campground,10.0,80.0,,
2023-07-18,Glen Oaks,golf,,864.0,27.0,
2023-07-18,Groveland Oaks,campground,7.0,91.0,,
2023-07-18,Red Oaks,waterpark,,843.0,,281.0
2023-07-18,Springfield Oaks,golf,,1404.0,36.0,
2023-07-18,Waterford Oaks,waterpark,,537.0,,179.0
2023-07-19,Addison Oaks,campground,8.0,88.0,,
2023-07-19,Glen Oaks,golf,,1184.0,37.0,
2023-07-19,Groveland Oaks,campground,9.0,99.0,,
2023-07-19,Red Oaks,waterpark,,790.0,,158.0
2023-07-19,Springfield Oaks,golf,,700.0,20.0,
2023-07-19,Waterford Oaks,waterpark,,530.0,,106.0
2023-07-20,Addison Oaks,campground,13.0,104.0,,
2023-07-20,Glen Oaks,golf,,960.0,24.0,
2023-07-20,Groveland Oaks,campground,10.0,150.0,,
2023-07-20,Red Oaks,waterpark,,875.0,,175.0
2023-07-20,Springfield Oaks,golf,,744.0,24.0,
2023-07-20,Waterford Oaks,waterpark,,471.0,,157.0
2023-07-21,Addison Oaks,campground,10.0,90.0,,
2023-07-21,Glen Oaks,golf,,1102.0,29.0,
2023-07-21,Groveland Oaks,campground,7.0,70.0,,
2023-07-21,Red Oaks,waterpark,,1135.0,,227.0
2023-07-21,Springfield Oaks,golf,,1224.0,34.0,
2023-07-21,Waterford Oaks,waterpark,,1064.0,,266.0
2023-07-22,Addison Oaks,campground,7.0,56.0,,
2023-07-22,Glen Oaks,golf,,990.0,30.0,
2023-07-22,Groveland Oaks,campground,8.0,104.0,,
2023-07-22,Red Oaks,waterpark,,813.0,,271.0
2023-07-22,Springfield Oaks,golf,,960.0,24.0,
2023-07-22,Waterford Oaks,waterpark,,438.0,,146.0
2023-07-23,Addison Oaks,campground,13.0,104.0,,
2023-07-23,Glen Oaks,golf,,868.0,28.0,
2023-07-23,Groveland Oaks,campground,6.0,90.0,,
2023-07-23,Red Oaks,waterpark,,453.0,,151.0
2023-07-23,Springfield Oaks,golf,,780.0,26.0,
2023-07-23,Waterford Oaks,waterpark,,1140.0,,228.0
2023-07-24,Addison Oaks,campground,12.0,120.0,,
2023-07-24,Glen Oaks,golf,,1209.0,31.0,
2023-07-24,Groveland Oaks,campground,15.0,165.0,,
2023-07-24,Red Oaks,waterpark,,630.0,,126.0
2023-07-24,Springfield Oaks,golf,,1560.0,39.0,
2023-07-24,Waterford Oaks,waterpark,,486.0,,162.0
2023-07-25,Addison Oaks,campground,8.0,88.0,,
2023-07-25,Glen Oaks,golf,,1131.0,29.0,
2023-07-25,Groveland Oaks,campground,13.0,143.0,,
2023-07-25,Red Oaks,waterpark,,484.0,,121.0
2023-07-25,Springfield Oaks,golf,,1248.0,32.0,
2023-07-25,Waterford Oaks,waterpark,,1435.0,,287.0
2023-07-26,Addison Oaks,campground,8.0,96.0,,
2023-07-26,Glen Oaks,golf,,918.0,27.0,
2023-07-26,Groveland Oaks,campground,13.0,156.0,,
2023-07-26,Red Oaks,waterpark,,1335.0,,267.0
2023-07-26,Springfield Oaks,golf,,1209.0,31.0,
2023-07-26,Waterford Oaks,waterpark,,576.0,,144.0
2023-07-27,Addison Oaks,campground,9.0,72.0,,
2023-07-27,Glen Oaks,golf,,928.0,29.0,
2023-07-27,Groveland Oaks,campground,7.0,91.0,,
2023-07-27,Red Oaks,waterpark,,532.0,,133.0
2023-07-27,Springfield Oaks,golf,,690.0,23.0,
2023-07-27,Waterford Oaks,waterpark,,324.0,,108.0
2023-07-28,Addison Oaks,campground,14.0,112.0,,
2023-07-28,Glen Oaks,golf,,1520.0,38.0,
2023-07-28,Groveland Oaks,campground,15.0,180.0,,
2023-07-28,Red Oaks,waterpark,,660.0,,220.0
2023-07-28,Springfield Oaks,golf,,840.0,24.0,
2023-07-28,Waterford Oaks,waterpark,,468.0,,117.0
2023-07-29,Addison Oaks,campground,15.0,135.0,,
2023-07-29,Glen Oaks,golf,,992.0,32.0,
2023-07-29,Groveland Oaks,campground,7.0,77.0,,
2023-07-29,Red Oaks,waterpark,,456.0,,152.0
2023-07-29,Springfield Oaks,golf,,900.0,25.0,
2023-07-29,Waterford Oaks,waterpark,,519.0,,173.0
2023-07-30,Addison Oaks,campground,9.0,108.0,,
2023-07-30,Glen Oaks,golf,,900.0,25.0,
2023-07-30,Groveland Oaks,campground,12.0,132.0,,
2023-07-30,Red Oaks,waterpark,,756.0,,252.0
2023-07-30,Springfield Oaks,golf,,1200.0,40.0,
2023-07-30,Waterford Oaks,waterpark,,564.0,,188.0
2023-07-31,Addison Oaks,campground,10.0,80.0,,
2023-07-31,Glen Oaks,golf,,770.0,22.0,
2023-07-31,Groveland Oaks,campground,15.0,210.0,,
2023-07-31,Red Oaks,waterpark,,928.0,,232.0
2023-07-31,Springfield Oaks,golf,,1024.0,32.0,
2023-07-31,Waterford Oaks,waterpark,,1140.0,,228.0
2023-08-01,Addison Oaks,campground,9.0,99.0,,
2023-08-01,Glen Oaks,golf,,1026.0,27.0,
2023-08-01,Groveland Oaks,campground,9.0,135.0,,
2023-08-01,Red Oaks,waterpark,,1010.0,,202.0
2023-08-01,Springfield Oaks,golf,,950.0,25.0,
2023-08-01,Waterford Oaks,waterpark,,606.0,,202.0
2023-08-02,Addison Oaks,campground,10.0,120.0,,
2023-08-02,Glen Oaks,golf,,720.0,20.0,
2023-08-02,Groveland Oaks,campground,12.0,144.0,,
2023-08-02,Red Oaks,waterpark,,681.0,,227.0
2023-08-02,Springfield Oaks,golf,,1120.0,32.0,
2023-08-02,Waterford Oaks,waterpark,,575.0,,115.0
2023-08-03,Addison Oaks,campground,12.0,144.0,,
2023-08-03,Glen Oaks,golf,,1536.0,48.0,
2023-08-03,Groveland Oaks,campground,18.0,180.0,,
2023-08-03,Red Oaks,waterpark,,1056.0,,264.0
2023-08-03,Springfield Oaks,golf,,1376.0,43.0,
2023-08-03,Waterford Oaks,waterpark,,972.0,,324.0
2023-08-04,Addison Oaks,campground,7.0,56.0,,
2023-08-04,Glen Oaks,golf,,713.0,23.0,
2023-08-04,Groveland Oaks,campground,5.0,55.0,,
2023-08-04,Red Oaks,waterpark,,819.0,,273.0
2023-08-04,Springfield Oaks,golf,,870.0,29.0,
2023-08-04,Waterford Oaks,waterpark,,567.0,,189.0
2023-08-05,Addison Oaks,campground,20.0,180.0,,
2023-08-05,Glen Oaks,golf,,1560.0,40.0,
2023-08-05,Groveland Oaks,campground,17.0,204.0,,
2023-08-05,Red Oaks,waterpark,,813.0,,271.0
2023-08-05,Springfield Oaks,golf,,1287.0,33.0,
2023-08-05,Waterford Oaks,waterpark,,1008.0,,252.0
2023-08-06,Addison Oaks,campground,10.0,110.0,,
2023-08-06,Glen Oaks,golf,,1131.0,29.0,
2023-08-06,Groveland Oaks,campground,8.0,88.0,,
2023-08-06,Red Oaks,waterpark,,897.0,,299.0
2023-08-06,Springfield Oaks,golf,,1080.0,30.0,
2023-08-06,Waterford Oaks,waterpark,,534.0,,178.0
2023-08-07,Addison Oaks,campground,14.0,140.0,,
2023-08-07,Glen Oaks,golf,,1292.0,34.0,
2023-08-07,Groveland Oaks,campground,20.0,240.0,,
2023-08-07,Red Oaks,waterpark,,924.0,,308.0
2023-08-07,Springfield Oaks,golf,,1920.0,48.0,
2023-08-07,Waterford Oaks,waterpark,,1508.0,,377.0
2023-08-08,Addison Oaks,campground,7.0,70.0,,
2023-08-08,Glen Oaks,golf,,891.0,27.0,
2023-08-08,Groveland Oaks,campground,13.0,182.0,,
2023-08-08,Red Oaks,waterpark,,1295.0,,259.0
2023-08-08,Springfield Oaks,golf,,1260.0,35.0,
2023-08-08,Waterford Oaks,waterpark,,940.0,,235.0
2023-08-09,Addison Oaks,campground,13.0,143.0,,
2023-08-09,Glen Oaks,golf,,899.0,29.0,
2023-08-09,Groveland Oaks,campground,15.0,180.0,,
2023-08-09,Red Oaks,waterpark,,1370.0,,274.0
2023-08-09,Springfield Oaks,golf,,1190.0,34.0,
2023-08-09,Waterford Oaks,waterpark,,1105.0,,221.0
2023-08-10,Addison Oaks,campground,6.0,60.0,,
2023-08-10,Glen Oaks,golf,,775.0,25.0,
2023-08-10,Groveland Oaks,campground,9.0,108.0,,
2023-08-10,Red Oaks,waterpark,,896.0,,224.0
2023-08-10,Springfield Oaks,golf,,1254.0,38.0,
2023-08-10,Waterford Oaks,waterpark,,676.0,,169.0
2023-08-11,Addison Oaks,campground,11.0,121.0,,
2023-08-11,Glen Oaks,golf,,1085.0,31.0,
2023-08-11,Groveland Oaks,campground,14.0,154.0,,
2023-08-11,Red Oaks,waterpark,,605.0,,121.0
2023-08-11,Springfield Oaks,golf,,980.0,28.0,
2023-08-11,Waterford Oaks,waterpark,,1056.0,,264.0
2023-08-12,Addison Oaks,campground,5.0,60.0,,
2023-08-12,Glen Oaks,golf,,680.0,20.0,
2023-08-12,Groveland Oaks,campground,10.0,150.0,,
2023-08-12,Red Oaks,waterpark,,855.0,,285.0
2023-08-12,Springfield Oaks,golf,,1216.0,38.0,
2023-08-12,Waterford Oaks,waterpark,,648.0,,216.0
2023-08-13,Addison Oaks,campground,20.0,160.0,,
2023-08-13,Glen Oaks,golf,,1435.0,41.0,
2023-08-13,Groveland Oaks,campground,15.0,180.0,,
2023-08-13,Red Oaks,waterpark,,1280.0,,256.0
2023-08-13,Springfield Oaks,golf,,1054.0,31.0,
2023-08-13,Waterford Oaks,waterpark,,1255.0,,251.0
2023-08-14,Addison Oaks,campground,10.0,100.0,,
2023-08-14,Glen Oaks,golf,,1023.0,31.0,
2023-08-14,Groveland Oaks,campground,18.0,180.0,,
2023-08-14,Red Oaks,waterpark,,762.0,,254.0
2023-08-14,Springfield Oaks,golf,,1190.0,35.0,
2023-08-14,Waterford Oaks,waterpark,,1164.0,,388.0
2023-08-15,Addison Oaks,campground,8.0,72.0,,
2023-08-15,Glen Oaks,golf,,750.0,25.0,
2023-08-15,Groveland Oaks,campground,5.0,50.0,,
2023-08-15,Red Oaks,waterpark,,645.0,,129.0
2023-08-15,Springfield Oaks,golf,,1092.0,28.0,
2023-08-15,Waterford Oaks,waterpark,,426.0,,142.0
2023-08-16,Addison Oaks,campground,6.0,48.0,,
2023-08-16,Glen Oaks,golf,,1190.0,35.0,
2023-08-16,Groveland Oaks,campground,12.0,156.0,,
2023-08-16,Red Oaks,waterpark,,848.0,,212.0
2023-08-16,Springfield Oaks,golf,,700.0,20.0,
2023-08-16,Waterford Oaks,waterpark,,1076.0,,269.0
2023-08-17,Addison Oaks,campground,13.0,130.0,,
2023-08-17,Glen Oaks,golf,,868.0,28.0,
2023-08-17,Groveland Oaks,campground,15.0,150.0,,
2023-08-17,Red Oaks,waterpark,,633.0,,211.0
2023-08-17,Springfield Oaks,golf,,999.0,27.0,
2023-08-17,Waterford Oaks,waterpark,,624.0,,208.0
2023-08-18,Addison Oaks,campground,10.0,110.0,,
2023-08-18,Glen Oaks,golf,,1000.0,25.0,
2023-08-18,Groveland Oaks,campground,10.0,150.0,,
2023-08-18,Red Oaks,waterpark,,378.0,,126.0
2023-08-18,Springfield Oaks,golf,,1320.0,40.0,
2023-08-18,Waterford Oaks,waterpark,,777.0,,259.0
2023-08-19,Addison Oaks,campground,12.0,120.0,,
2023-08-19,Glen Oaks,golf,,957.0,29.0,
2023-08-19,Groveland Oaks,campground,14.0,196.0,,
2023-08-19,Red Oaks,waterpark,,1130.0,,226.0
2023-08-19,Springfield Oaks,golf,,900.0,25.0,
2023-08-19,Waterford Oaks,waterpark,,865.0,,173.0
2023-08-20,Addison Oaks,campground,10.0,80.0,,
2023-08-20,Glen Oaks,golf,,1638.0,42.0,
2023-08-20,Groveland Oaks,campground,13.0,182.0,,
2023-08-20,Red Oaks,waterpark,,1504.0,,376.0
2023-08-20,Springfield Oaks,golf,,1386.0,42.0,
2023-08-20,Waterford Oaks,waterpark,,1197.0,,399.0
2023-08-21,Addison Oaks,campground,15.0,165.0,,
2023-08-21,Glen Oaks,golf,,851.0,23.0,
2023-08-21,Groveland Oaks,campground,15.0,195.0,,
2023-08-21,Red Oaks,waterpark,,711.0,,237.0
2023-08-21,Springfield Oaks,golf,,630.0,21.0,
2023-08-21,Waterford Oaks,waterpark,,471.0,,157.0
2023-08-22,Addison Oaks,campground,16.0,176.0,,
2023-08-22,Glen Oaks,golf,,1190.0,34.0,
2023-08-22,Groveland Oaks,campground,12.0,168.0,,
2023-08-22,Red Oaks,waterpark,,1328.0,,332.0
2023-08-22,Springfield Oaks,golf,,1900.0,50.0,
2023-08-22,Waterford Oaks,waterpark,,1385.0,,277.0
2023-08-23,Addison Oaks,campground,12.0,120.0,,
2023-08-23,Glen Oaks,golf,,1170.0,39.0,
2023-08-23,Groveland Oaks,campground,9.0,108.0,,
2023-08-23,Red Oaks,waterpark,,1080.0,,216.0
2023-08-23,Springfield Oaks,golf,,1080.0,30.0,
2023-08-23,Waterford Oaks,waterpark,,892.0,,223.0
2023-08-24,Addison Oaks,campground,12.0,120.0,,
2023-08-24,Glen Oaks,golf,,1440.0,36.0,
2023-08-24,Groveland Oaks,campground,15.0,225.0,,
2023-08-24,Red Oaks,waterpark,,668.0,,167.0
2023-08-24,Springfield Oaks,golf,,1254.0,38.0,
2023-08-24,Waterford Oaks,waterpark,,852.0,,213.0
2023-08-25,Addison Oaks,campground,7.0,56.0,,
2023-08-25,Glen Oaks,golf,,1332.0,37.0,
2023-08-25,Groveland Oaks,campground,14.0,210.0,,
2023-08-25,Red Oaks,waterpark,,900.0,,300.0
2023-08-25,Springfield Oaks,golf,,1260.0,35.0,
2023-08-25,Waterford Oaks,waterpark,,700.0,,140.0
2023-08-26,Addison Oaks,campground,10.0,90.0,,
2023-08-26,Glen Oaks,golf,,891.0,27.0,
2023-08-26,Groveland Oaks,campground,13.0,156.0,,
2023-08-26,Red Oaks,waterpark,,588.0,,147.0
2023-08-26,Springfield Oaks,golf,,672.0,21.0,
2023-08-26,Waterford Oaks,waterpark,,885.0,,177.0
2023-08-27,Addison Oaks,campground,9.0,108.0,,
2023-08-27,Glen Oaks,golf,,961.0,31.0,
2023-08-27,Groveland Oaks,campground,15.0,150.0,,
2023-08-27,Red Oaks,waterpark,,784.0,,196.0
2023-08-27,Springfield Oaks,golf,,880.0,22.0,
2023-08-27,Waterford Oaks,waterpark,,864.0,,216.0
2023-08-28,Addison Oaks,campground,7.0,56.0,,
2023-08-28,Glen Oaks,golf,,850.0,25.0,
2023-08-28,Groveland Oaks,campground,7.0,98.0,,
2023-08-28,Red Oaks,waterpark,,417.0,,139.0
2023-08-28,Springfield Oaks,golf,,1054.0,34.0,
2023-08-28,Waterford Oaks,waterpark,,735.0,,245.0
2023-08-29,Addison Oaks,campground,13.0,156.0,,
2023-08-29,Glen Oaks,golf,,1443.0,39.0,
2023-08-29,Groveland Oaks,campground,12.0,144.0,,
2023-08-29,Red Oaks,waterpark,,824.0,,206.0
2023-08-29,Springfield Oaks,golf,,1155.0,35.0,
2023-08-29,Waterford Oaks,waterpark,,1235.0,,247.0
2023-08-30,Addison Oaks,campground,15.0,180.0,,
2023-08-30,Glen Oaks,golf,,780.0,26.0,
2023-08-30,Groveland Oaks,campground,10.0,140.0,,
2023-08-30,Red Oaks,waterpark,,735.0,,147.0
2023-08-30,Springfield Oaks,golf,,660.0,20.0,
2023-08-30,Waterford Oaks,waterpark,,724.0,,181.0
2023-08-31,Addison Oaks,campground,14.0,112.0,,
2023-08-31,Glen Oaks,golf,,1155.0,33.0,
2023-08-31,Groveland Oaks,campground,13.0,143.0,,
2023-08-31,Red Oaks,waterpark,,639.0,,213.0
2023-08-31,Springfield Oaks,golf,,900.0,25.0,
2023-08-31,Waterford Oaks,waterpark,,545.0,,109.0
2024-06-01,Addison Oaks,campground,11.0,132.0,,
2024-06-01,Glen Oaks,golf,,986.0,29.0,
2024-06-01,Groveland Oaks,campground,6.0,72.0,,
2024-06-01,Red Oaks,waterpark,,640.0,,128.0
2024-06-01,Springfield Oaks,golf,,1368.0,36.0,
2024-06-01,Waterford Oaks,waterpark,,732.0,,244.0
2024-06-02,Addison Oaks,campground,18.0,198.0,,
2024-06-02,Glen Oaks,golf,,992.0,32.0,
2024-06-02,Groveland Oaks,campground,11.0,154.0,,
2024-06-02,Red Oaks,waterpark,,1485.0,,297.0
2024-06-02,Springfield Oaks,golf,,1950.0,50.0,
2024-06-02,Waterford Oaks,waterpark,,1480.0,,296.0
2024-06-03,Addison Oaks,campground,8.0,80.0,,
2024-06-03,Glen Oaks,golf,,1254.0,38.0,
2024-06-03,Groveland Oaks,campground,9.0,99.0,,
2024-06-03,Red Oaks,waterpark,,750.0,,150.0
2024-06-03,Springfield Oaks,golf,,1254.0,38.0,
2024-06-03,Waterford Oaks,waterpark,,956.0,,239.0
2024-06-04,Addison Oaks,campground,14.0,154.0,,
2024-06-04,Glen Oaks,golf,,775.0,25.0,
2024-06-04,Groveland Oaks,campground,12.0,156.0,,
2024-06-04,Red Oaks,waterpark,,830.0,,166.0
2024-06-04,Springfield Oaks,golf,,600.0,20.0,
2024-06-04,Waterford Oaks,waterpark,,741.0,,247.0
2024-06-05,Addison Oaks,campground,9.0,90.0,,
2024-06-05,Glen Oaks,golf,,1088.0,32.0,
2024-06-05,Groveland Oaks,campground,11.0,165.0,,
2024-06-05,Red Oaks,waterpark,,436.0,,109.0
2024-06-05,Springfield Oaks,golf,,960.0,30.0,
2024-06-05,Waterford Oaks,waterpark,,748.0,,187.0
2024-06-06,Addison Oaks,campground,11.0,121.0,,
2024-06-06,Glen Oaks,golf,,640.0,20.0,
2024-06-06,Groveland Oaks,campground,9.0,99.0,,
2024-06-06,Red Oaks,waterpark,,1100.0,,275.0
2024-06-06,Springfield Oaks,golf,,1440.0,40.0,
2024-06-06,Waterford Oaks,waterpark,,777.0,,259.0
2024-06-07,Addison Oaks,campground,11.0,88.0,,
2024-06-07,Glen Oaks,golf,,805.0,23.0,
2024-06-07,Groveland Oaks,campground,11.0,143.0,,
2024-06-07,Red Oaks,waterpark,,1405.0,,281.0
2024-06-07,Springfield Oaks,golf,,864.0,27.0,
2024-06-07,Waterford Oaks,waterpark,,672.0,,168.0
2024-06-08,Addison Oaks,campground,9.0,81.0,,
2024-06-08,Glen Oaks,golf,,1320.0,40.0,
2024-06-08,Groveland Oaks,campground,7.0,70.0,,
2024-06-08,Red Oaks,waterpark,,609.0,,203.0
2024-06-08,Springfield Oaks,golf,,936.0,26.0,
2024-06-08,Waterford Oaks,waterpark,,540.0,,180.0
2024-06-09,Addison Oaks,campground,9.0,99.0,,
2024-06-09,Glen Oaks,golf,,1020.0,30.0,
2024-06-09,Groveland Oaks,campground,10.0,120.0,,
2024-06-09,Red Oaks,waterpark,,486.0,,162.0
2024-06-09,Springfield Oaks,golf,,1044.0,29.0,
2024-06-09,Waterford Oaks,waterpark,,412.0,,103.0
2024-06-10,Addison Oaks,campground,5.0,60.0,,
2024-06-10,Glen Oaks,golf,,1520.0,38.0,
2024-06-10,Groveland Oaks,campground,12.0,144.0,,
2024-06-10,Red Oaks,waterpark,,1185.0,,237.0
2024-06-10,Springfield Oaks,golf,,836.0,22.0,
2024-06-10,Waterford Oaks,waterpark,,884.0,,221.0
2024-06-11,Addison Oaks,campground,11.0,132.0,,
2024-06-11,Glen Oaks,golf,,1440.0,36.0,
2024-06-11,Groveland Oaks,campground,11.0,110.0,,
2024-06-11,Red Oaks,waterpark,,489.0,,163.0
2024-06-11,Springfield Oaks,golf,,1089.0,33.0,
2024-06-11,Waterford Oaks,waterpark,,745.0,,149.0
2024-06-12,Addison Oaks,campground,7.0,63.0,,
2024-06-12,Glen Oaks,golf,,900.0,25.0,
2024-06-12,Groveland Oaks,campground,5.0,70.0,,
2024-06-12,Red Oaks,waterpark,,900.0,,300.0
2024-06-12,Springfield Oaks,golf,,1295.0,35.0,
2024-06-12,Waterford Oaks,waterpark,,1072.0,,268.0
2024-06-13,Addison Oaks,campground,12.0,120.0,,
2024-06-13,Glen Oaks,golf,,888.0,24.0,
2024-06-13,Groveland Oaks,campground,9.0,90.0,,
2024-06-13,Red Oaks,waterpark,,507.0,,169.0
2024-06-13,Springfield Oaks,golf,,1332.0,36.0,
2024-06-13,Waterford Oaks,waterpark,,1104.0,,276.0
2024-06-14,Addison Oaks,campground,9.0,90.0,,
2024-06-14,Glen Oaks,golf,,1365.0,35.0,
2024-06-14,Groveland Oaks,campground,5.0,50.0,,
2024-06-14,Red Oaks,waterpark,,1064.0,,266.0
2024-06-14,Springfield Oaks,golf,,720.0,20.0,
2024-06-14,Waterford Oaks,waterpark,,594.0,,198.0
2024-06-15,Addison Oaks,campground,6.0,48.0,,
2024-06-15,Glen Oaks,golf,,1080.0,30.0,
2024-06-15,Groveland Oaks,campground,8.0,112.0,,
2024-06-15,Red Oaks,waterpark,,333.0,,111.0
2024-06-15,Springfield Oaks,golf,,1170.0,30.0,
2024-06-15,Waterford Oaks,waterpark,,327.0,,109.0
2024-06-16,Addison Oaks,campground,7.0,84.0,,
2024-06-16,Glen Oaks,golf,,1521.0,39.0,
2024-06-16,Groveland Oaks,campground,5.0,60.0,,
2024-06-16,Red Oaks,waterpark,,1196.0,,299.0
2024-06-16,Springfield Oaks,golf,,792.0,24.0,
2024-06-16,Waterford Oaks,waterpark,,850.0,,170.0
2024-06-17,Addison Oaks,campground,19.0,228.0,,
2024-06-17,Glen Oaks,golf,,1254.0,38.0,
2024-06-17,Groveland Oaks,campground,15.0,195.0,,
2024-06-17,Red Oaks,waterpark,,1113.0,,371.0
2024-06-17,Springfield Oaks,golf,,1400.0,35.0,
2024-06-17,Waterford Oaks,waterpark,,1380.0,,276.0
2024-06-18,Addison Oaks,campground,12.0,120.0,,
2024-06-18,Glen Oaks,golf,,713.0,23.0,
2024-06-18,Groveland Oaks,campground,11.0,132.0,,
2024-06-18,Red Oaks,waterpark,,1080.0,,216.0
2024-06-18,Springfield Oaks,golf,,1224.0,34.0,
2024-06-18,Waterford Oaks,waterpark,,1250.0,,250.0
2024-06-19,Addison Oaks,campground,5.0,60.0,,
2024-06-19,Glen Oaks,golf,,1360.0,40.0,
2024-06-19,Groveland Oaks,campground,7.0,98.0,,
2024-06-19,Red Oaks,waterpark,,1440.0,,288.0
2024-06-19,Springfield Oaks,golf,,726.0,22.0,
2024-06-19,Waterford Oaks,waterpark,,744.0,,186.0
2024-06-20,Addison Oaks,campground,14.0,154.0,,
2024-06-20,Glen Oaks,golf,,1026.0,27.0,
2024-06-20,Groveland Oaks,campground,7.0,98.0,,
2024-06-20,Red Oaks,waterpark,,715.0,,143.0
2024-06-20,Springfield Oaks,golf,,858.0,26.0,
2024-06-20,Waterford Oaks,waterpark,,345.0,,115.0
2024-06-21,Addison Oaks,campground,17.0,187.0,,
2024-06-21,Glen Oaks,golf,,1050.0,30.0,
2024-06-21,Groveland Oaks,campground,18.0,216.0,,
2024-06-21,Red Oaks,waterpark,,1295.0,,259.0
2024-06-21,Springfield Oaks,golf,,1394.0,41.0,
2024-06-21,Waterford Oaks,waterpark,,948.0,,237.0
2024-06-22,Addison Oaks,campground,15.0,165.0,,
2024-06-22,Glen Oaks,golf,,680.0,20.0,
2024-06-22,Groveland Oaks,campground,11.0,121.0,,
2024-06-22,Red Oaks,waterpark,,600.0,,120.0
2024-06-22,Springfield Oaks,golf,,1320.0,33.0,
2024-06-22,Waterford Oaks,waterpark,,483.0,,161.0
2024-06-23,Addison Oaks,campground,7.0,77.0,,
2024-06-23,Glen Oaks,golf,,1280.0,32.0,
2024-06-23,Groveland Oaks,campground,15.0,210.0,,
2024-06-23,Red Oaks,waterpark,,435.0,,145.0
2024-06-23,Springfield Oaks,golf,,1024.0,32.0,
2024-06-23,Waterford Oaks,waterpark,,890.0,,178.0
2024-06-24,Addison Oaks,campground,11.0,132.0,,
2024-06-24,Glen Oaks,golf,,770.0,22.0,
2024-06-24,Groveland Oaks,campground,12.0,156.0,,
2024-06-24,Red Oaks,waterpark,,890.0,,178.0
2024-06-24,Springfield Oaks,golf,,858.0,22.0,
2024-06-24,Waterford Oaks,waterpark,,1025.0,,205.0
2024-06-25,Addison Oaks,campground,11.0,99.0,,
2024-06-25,Glen Oaks,golf,,680.0,20.0,
2024-06-25,Groveland Oaks,campground,11.0,154.0,,
2024-06-25,Red Oaks,waterpark,,616.0,,154.0
2024-06-25,Springfield Oaks,golf,,1406.0,38.0,
2024-06-25,Waterford Oaks,waterpark,,615.0,,205.0
2024-06-26,Addison Oaks,campground,18.0,162.0,,
2024-06-26,Glen Oaks,golf,,1188.0,33.0,
2024-06-26,Groveland Oaks,campground,10.0,110.0,,
2024-06-26,Red Oaks,waterpark,,1172.0,,293.0
2024-06-26,Springfield Oaks,golf,,1444.0,38.0,
2024-06-26,Waterford Oaks,waterpark,,1235.0,,247.0
2024-06-27,Addison Oaks,campground,15.0,165.0,,
2024-06-27,Glen Oaks,golf,,1020.0,34.0,
2024-06-27,Groveland Oaks,campground,10.0,110.0,,
2024-06-27,Red Oaks,waterpark,,1136.0,,284.0
2024-06-27,Springfield Oaks,golf,,837.0,27.0,
2024-06-27,Waterford Oaks,waterpark,,660.0,,220.0
2024-06-28,Addison Oaks,campground,15.0,135.0,,
2024-06-28,Glen Oaks,golf,,1440.0,40.0,
2024-06-28,Groveland Oaks,campground,14.0,196.0,,
2024-06-28,Red Oaks,waterpark,,474.0,,158.0
2024-06-28,Springfield Oaks,golf,,1008.0,28.0,
2024-06-28,Waterford Oaks,waterpark,,880.0,,220.0
2024-06-29,Addison Oaks,campground,8.0,72.0,,
2024-06-29,Glen Oaks,golf,,1260.0,35.0,
2024-06-29,Groveland Oaks,campground,5.0,75.0,,
2024-06-29,Red Oaks,waterpark,,1008.0,,252.0
2024-06-29,Springfield Oaks,golf,,888.0,24.0,
2024-06-29,Waterford Oaks,waterpark,,1390.0,,278.0
2024-06-30,Addison Oaks,campground,11.0,121.0,,
2024-06-30,Glen Oaks,golf,,1064.0,28.0,
2024-06-30,Groveland Oaks,campground,9.0,126.0,,
2024-06-30,Red Oaks,waterpark,,1080.0,,216.0
2024-06-30,Springfield Oaks,golf,,1140.0,38.0,
2024-06-30,Waterford Oaks,waterpark,,652.0,,163.0
2024-07-01,Addison Oaks,campground,12.0,120.0,,
2024-07-01,Glen Oaks,golf,,1015.0,29.0,
2024-07-01,Groveland Oaks,campground,12.0,180.0,,
2024-07-01,Red Oaks,waterpark,,892.0,,223.0
2024-07-01,Springfield Oaks,golf,,1368.0,38.0,
2024-07-01,Waterford Oaks,waterpark,,570.0,,114.0
2024-07-02,Addison Oaks,campground,19.0,152.0,,
2024-07-02,Glen Oaks,golf,,1476.0,41.0,
2024-07-02,Groveland Oaks,campground,19.0,266.0,,
2024-07-02,Red Oaks,waterpark,,1068.0,,356.0
2024-07-02,Springfield Oaks,golf,,1122.0,33.0,
2024-07-02,Waterford Oaks,waterpark,,1059.0,,353.0
2024-07-03,Addison Oaks,campground,16.0,176.0,,
2024-07-03,Glen Oaks,golf,,1568.0,49.0,
2024-07-03,Groveland Oaks,campground,16.0,192.0,,
2024-07-03,Red Oaks,waterpark,,1104.0,,276.0
2024-07-03,Springfield Oaks,golf,,1320.0,44.0,
2024-07-03,Waterford Oaks,waterpark,,774.0,,258.0
2024-07-04,Addison Oaks,campground,6.0,66.0,,
2024-07-04,Glen Oaks,golf,,1224.0,36.0,
2024-07-04,Groveland Oaks,campground,6.0,60.0,,
2024-07-04,Red Oaks,waterpark,,534.0,,178.0
2024-07-04,Springfield Oaks,golf,,988.0,26.0,
2024-07-04,Waterford Oaks,waterpark,,663.0,,221.0
2024-07-05,Addison Oaks,campground,20.0,240.0,,
2024-07-05,Glen Oaks,golf,,1620.0,45.0,
2024-07-05,Groveland Oaks,campground,10.0,120.0,,
2024-07-05,Red Oaks,waterpark,,1088.0,,272.0
2024-07-05,Springfield Oaks,golf,,960.0,32.0,
2024-07-05,Waterford Oaks,waterpark,,840.0,,210.0
2024-07-06,Addison Oaks,campground,11.0,99.0,,
2024-07-06,Glen Oaks,golf,,1692.0,47.0,
2024-07-06,Groveland Oaks,campground,11.0,165.0,,
2024-07-06,Red Oaks,waterpark,,944.0,,236.0
2024-07-06,Springfield Oaks,golf,,1444.0,38.0,
2024-07-06,Waterford Oaks,waterpark,,1256.0,,314.0
2024-07-07,Addison Oaks,campground,13.0,130.0,,
2024-07-07,Glen Oaks,golf,,1190.0,34.0,
2024-07-07,Groveland Oaks,campground,11.0,143.0,,
2024-07-07,Red Oaks,waterpark,,693.0,,231.0
2024-07-07,Springfield Oaks,golf,,1440.0,45.0,
2024-07-07,Waterford Oaks,waterpark,,1194.0,,398.0
2024-07-08,Addison Oaks,campground,13.0,143.0,,
2024-07-08,Glen Oaks,golf,,1254.0,33.0,
2024-07-08,Groveland Oaks,campground,12.0,156.0,,
2024-07-08,Red Oaks,waterpark,,1104.0,,368.0
2024-07-08,Springfield Oaks,golf,,1178.0,31.0,
2024-07-08,Waterford Oaks,waterpark,,1130.0,,226.0
2024-07-09,Addison Oaks,campground,10.0,120.0,,
2024-07-09,Glen Oaks,golf,,740.0,20.0,
2024-07-09,Groveland Oaks,campground,12.0,120.0,,
2024-07-09,Red Oaks,waterpark,,404.0,,101.0
2024-07-09,Springfield Oaks,golf,,874.0,23.0,
2024-07-09,Waterford Oaks,waterpark,,612.0,,204.0
2024-07-10,Addison Oaks,campground,15.0,120.0,,
2024-07-10,Glen Oaks,golf,,1240.0,40.0,
2024-07-10,Groveland Oaks,campground,6.0,60.0,,
2024-07-10,Red Oaks,waterpark,,1132.0,,283.0
2024-07-10,Springfield Oaks,golf,,600.0,20.0,
2024-07-10,Waterford Oaks,waterpark,,1055.0,,211.0
2024-07-11,Addison Oaks,campground,9.0,81.0,,
2024-07-11,Glen Oaks,golf,,1050.0,35.0,
2024-07-11,Groveland Oaks,campground,6.0,84.0,,
2024-07-11,Red Oaks,waterpark,,300.0,,100.0
2024-07-11,Springfield Oaks,golf,,660.0,20.0,
2024-07-11,Waterford Oaks,waterpark,,1095.0,,219.0
2024-07-12,Addison Oaks,campground,14.0,140.0,,
2024-07-12,Glen Oaks,golf,,1368.0,38.0,
2024-07-12,Groveland Oaks,campground,13.0,195.0,,
2024-07-12,Red Oaks,waterpark,,1005.0,,201.0
2024-07-12,Springfield Oaks,golf,,1184.0,32.0,
2024-07-12,Waterford Oaks,waterpark,,1510.0,,302.0
2024-07-13,Addison Oaks,campground,8.0,72.0,,
2024-07-13,Glen Oaks,golf,,930.0,31.0,
2024-07-13,Groveland Oaks,campground,11.0,154.0,,
2024-07-13,Red Oaks,waterpark,,1115.0,,223.0
2024-07-13,Springfield Oaks,golf,,1044.0,29.0,
2024-07-13,Waterford Oaks,waterpark,,988.0,,247.0
2024-07-14,Addison Oaks,campground,9.0,90.0,,
2024-07-14,Glen Oaks,golf,,957.0,29.0,
2024-07-14,Groveland Oaks,campground,11.0,121.0,,
2024-07-14,Red Oaks,waterpark,,428.0,,107.0
2024-07-14,Springfield Oaks,golf,,840.0,24.0,
2024-07-14,Waterford Oaks,waterpark,,1004.0,,251.0
2024-07-15,Addison Oaks,campground,8.0,64.0,,
2024-07-15,Glen Oaks,golf,,1000.0,25.0,
2024-07-15,Groveland Oaks,campground,5.0,50.0,,
2024-07-15,Red Oaks,waterpark,,590.0,,118.0
2024-07-15,Springfield Oaks,golf,,960.0,30.0,
2024-07-15,Waterford Oaks,waterpark,,459.0,,153.0
2024-07-16,Addison Oaks,campground,5.0,50.0,,
2024-07-16,Glen Oaks,golf,,1330.0,35.0,
2024-07-16,Groveland Oaks,campground,13.0,169.0,,
2024-07-16,Red Oaks,waterpark,,663.0,,221.0
2024-07-16,Springfield Oaks,golf,,1280.0,40.0,
2024-07-16,Waterford Oaks,waterpark,,764.0,,191.0
2024-07-17,Addison Oaks,campground,8.0,88.0,,
2024-07-17,Glen Oaks,golf,,868.0,28.0,
2024-07-17,Groveland Oaks,campground,8.0,96.0,,
2024-07-17,Red Oaks,waterpark,,606.0,,202.0
2024-07-17,Springfield Oaks,golf,,1404.0,36.0,
2024-07-17,Waterford Oaks,waterpark,,1335.0,,267.0
2024-07-18,Addison Oaks,campground,5.0,40.0,,
2024-07-18,Glen Oaks,golf,,891.0,27.0,
2024-07-18,Groveland Oaks,campground,6.0,66.0,,
2024-07-18,Red Oaks,waterpark,,1075.0,,215.0
2024-07-18,Springfield Oaks,golf,,957.0,29.0,
2024-07-18,Waterford Oaks,waterpark,,1072.0,,268.0
2024-07-19,Addison Oaks,campground,12.0,132.0,,
2024-07-19,Glen Oaks,golf,,1548.0,43.0,
2024-07-19,Groveland Oaks,campground,17.0,238.0,,
2024-07-19,Red Oaks,waterpark,,1047.0,,349.0
2024-07-19,Springfield Oaks,golf,,1558.0,41.0,
2024-07-19,Waterford Oaks,waterpark,,900.0,,300.0
2024-07-20,Addison Oaks,campground,16.0,144.0,,
2024-07-20,Glen Oaks,golf,,1221.0,37.0,
2024-07-20,Groveland Oaks,campground,13.0,195.0,,
2024-07-20,Red Oaks,waterpark,,1945.0,,389.0
2024-07-20,Springfield Oaks,golf,,1558.0,41.0,
2024-07-20,Waterford Oaks,waterpark,,801.0,,267.0
2024-07-21,Addison Oaks,campground,7.0,56.0,,
2024-07-21,Glen Oaks,golf,,1368.0,38.0,
2024-07-21,Groveland Oaks,campground,11.0,121.0,,
2024-07-21,Red Oaks,waterpark,,1305.0,,261.0
2024-07-21,Springfield Oaks,golf,,1184.0,37.0,
2024-07-21,Waterford Oaks,waterpark,,964.0,,241.0
2024-07-22,Addison Oaks,campground,7.0,70.0,,
2024-07-22,Glen Oaks,golf,,1023.0,33.0,
2024-07-22,Groveland Oaks,campground,8.0,120.0,,
2024-07-22,Red Oaks,waterpark,,505.0,,101.0
2024-07-22,Springfield Oaks,golf,,840.0,28.0,
2024-07-22,Waterford Oaks,waterpark,,462.0,,154.0
2024-07-23,Addison Oaks,campground,6.0,66.0,,
2024-07-23,Glen Oaks,golf,,1209.0,39.0,
2024-07-23,Groveland Oaks,campground,8.0,112.0,,
2024-07-23,Red Oaks,waterpark,,572.0,,143.0
2024-07-23,Springfield Oaks,golf,,1116.0,36.0,
2024-07-23,Waterford Oaks,waterpark,,760.0,,190.0
2024-07-24,Addison Oaks,campground,8.0,88.0,,
2024-07-24,Glen Oaks,golf,,740.0,20.0,
2024-07-24,Groveland Oaks,campground,11.0,143.0,,
2024-07-24,Red Oaks,waterpark,,632.0,,158.0
2024-07-24,Springfield Oaks,golf,,1240.0,31.0,
2024-07-24,Waterford Oaks,waterpark,,381.0,,127.0
2024-07-25,Addison Oaks,campground,12.0,144.0,,
2024-07-25,Glen Oaks,golf,,1085.0,31.0,
2024-07-25,Groveland Oaks,campground,15.0,180.0,,
2024-07-25,Red Oaks,waterpark,,1840.0,,368.0
2024-07-25,Springfield Oaks,golf,,1178.0,38.0,
2024-07-25,Waterford Oaks,waterpark,,666.0,,222.0
2024-07-26,Addison Oaks,campground,6.0,48.0,,
2024-07-26,Glen Oaks,golf,,740.0,20.0,
2024-07-26,Groveland Oaks,campground,5.0,70.0,,
2024-07-26,Red Oaks,waterpark,,956.0,,239.0
2024-07-26,Springfield Oaks,golf,,858.0,22.0,
2024-07-26,Waterford Oaks,waterpark,,753.0,,251.0
2024-07-27,Addison Oaks,campground,7.0,70.0,,
2024-07-27,Glen Oaks,golf,,1320.0,40.0,
2024-07-27,Groveland Oaks,campground,5.0,70.0,,
2024-07-27,Red Oaks,waterpark,,520.0,,104.0
2024-07-27,Springfield Oaks,golf,,858.0,26.0,
2024-07-27,Waterford Oaks,waterpark,,660.0,,132.0
2024-07-28,Addison Oaks,campground,11.0,132.0,,
2024-07-28,Glen Oaks,golf,,1020.0,30.0,
2024-07-28,Groveland Oaks,campground,8.0,112.0,,
2024-07-28,Red Oaks,waterpark,,753.0,,251.0
2024-07-28,Springfield Oaks,golf,,960.0,30.0,
2024-07-28,Waterford Oaks,waterpark,,1112.0,,278.0
2024-07-29,Addison Oaks,campground,6.0,54.0,,
2024-07-29,Glen Oaks,golf,,900.0,30.0,
2024-07-29,Groveland Oaks,campground,14.0,182.0,,
2024-07-29,Red Oaks,waterpark,,1145.0,,229.0
2024-07-29,Springfield Oaks,golf,,1482.0,38.0,
2024-07-29,Waterford Oaks,waterpark,,549.0,,183.0
2024-07-30,Addison Oaks,campground,13.0,130.0,,
2024-07-30,Glen Oaks,golf,,1225.0,35.0,
2024-07-30,Groveland Oaks,campground,7.0,84.0,,
2024-07-30,Red Oaks,waterpark,,1145.0,,229.0
2024-07-30,Springfield Oaks,golf,,777.0,21.0,
2024-07-30,Waterford Oaks,waterpark,,1360.0,,272.0
2024-07-31,Addison Oaks,campground,6.0,66.0,,
2024-07-31,Glen Oaks,golf,,992.0,32.0,
2024-07-31,Groveland Oaks,campground,10.0,110.0,,
2024-07-31,Red Oaks,waterpark,,837.0,,279.0
2024-07-31,Springfield Oaks,golf,,1330.0,38.0,
2024-07-31,Waterford Oaks,waterpark,,315.0,,105.0
2024-08-01,Addison Oaks,campground,6.0,66.0,,
2024-08-01,Glen Oaks,golf,,858.0,22.0,
2024-08-01,Groveland Oaks,campground,6.0,78.0,,
2024-08-01,Red Oaks,waterpark,,849.0,,283.0
2024-08-01,Springfield Oaks,golf,,1170.0,30.0,
2024-08-01,Waterford Oaks,waterpark,,384.0,,128.0
2024-08-02,Addison Oaks,campground,10.0,90.0,,
2024-08-02,Glen Oaks,golf,,1160.0,29.0,
2024-08-02,Groveland Oaks,campground,13.0,182.0,,
2024-08-02,Red Oaks,waterpark,,745.0,,149.0
2024-08-02,Springfield Oaks,golf,,990.0,30.0,
2024-08-02,Waterford Oaks,waterpark,,1200.0,,300.0
2024-08-03,Addison Oaks,campground,11.0,121.0,,
2024-08-03,Glen Oaks,golf,,850.0,25.0,
2024-08-03,Groveland Oaks,campground,9.0,117.0,,
2024-08-03,Red Oaks,waterpark,,672.0,,224.0
2024-08-03,Springfield Oaks,golf,,1280.0,32.0,
2024-08-03,Waterford Oaks,waterpark,,822.0,,274.0
2024-08-04,Addison Oaks,campground,11.0,99.0,,
2024-08-04,Glen Oaks,golf,,930.0,31.0,
2024-08-04,Groveland Oaks,campground,6.0,72.0,,
2024-08-04,Red Oaks,waterpark,,1150.0,,230.0
2024-08-04,Springfield Oaks,golf,,1368.0,38.0,
2024-08-04,Waterford Oaks,waterpark,,548.0,,137.0
2024-08-05,Addison Oaks,campground,6.0,66.0,,
2024-08-05,Glen Oaks,golf,,1209.0,31.0,
2024-08-05,Groveland Oaks,campground,10.0,130.0,,
2024-08-05,Red Oaks,waterpark,,351.0,,117.0
2024-08-05,Springfield Oaks,golf,,1178.0,38.0,
2024-08-05,Waterford Oaks,waterpark,,1044.0,,261.0
2024-08-06,Addison Oaks,campground,6.0,66.0,,
2024-08-06,Glen Oaks,golf,,814.0,22.0,
2024-08-06,Groveland Oaks,campground,11.0,154.0,,
2024-08-06,Red Oaks,waterpark,,808.0,,202.0
2024-08-06,Springfield Oaks,golf,,962.0,26.0,
2024-08-06,Waterford Oaks,waterpark,,798.0,,266.0
2024-08-07,Addison Oaks,campground,15.0,135.0,,
2024-08-07,Glen Oaks,golf,,1482.0,39.0,
2024-08-07,Groveland Oaks,campground,11.0,132.0,,
2024-08-07,Red Oaks,waterpark,,696.0,,232.0
2024-08-07,Springfield Oaks,golf,,1452.0,44.0,
2024-08-07,Waterford Oaks,waterpark,,1770.0,,354.0
2024-08-08,Addison Oaks,campground,12.0,132.0,,
2024-08-08,Glen Oaks,golf,,910.0,26.0,
2024-08-08,Groveland Oaks,campground,6.0,66.0,,
2024-08-08,Red Oaks,waterpark,,404.0,,101.0
2024-08-08,Springfield Oaks,golf,,1122.0,33.0,
2024-08-08,Waterford Oaks,waterpark,,525.0,,105.0
2024-08-09,Addison Oaks,campground,12.0,108.0,,
2024-08-09,Glen Oaks,golf,,1014.0,26.0,
2024-08-09,Groveland Oaks,campground,13.0,195.0,,
2024-08-09,Red Oaks,waterpark,,633.0,,211.0
2024-08-09,Springfield Oaks,golf,,1480.0,40.0,
2024-08-09,Waterford Oaks,waterpark,,812.0,,203.0
2024-08-10,Addison Oaks,campground,7.0,84.0,,
2024-08-10,Glen Oaks,golf,,880.0,22.0,
2024-08-10,Groveland Oaks,campground,9.0,126.0,,
2024-08-10,Red Oaks,waterpark,,1095.0,,219.0
2024-08-10,Springfield Oaks,golf,,912.0,24.0,
2024-08-10,Waterford Oaks,waterpark,,741.0,,247.0
2024-08-11,Addison Oaks,campground,8.0,88.0,,
2024-08-11,Glen Oaks,golf,,1400.0,40.0,
2024-08-11,Groveland Oaks,campground,10.0,130.0,,
2024-08-11,Red Oaks,waterpark,,1168.0,,292.0
2024-08-11,Springfield Oaks,golf,,1050.0,30.0,
2024-08-11,Waterford Oaks,waterpark,,585.0,,117.0
2024-08-12,Addison Oaks,campground,12.0,120.0,,
2024-08-12,Glen Oaks,golf,,1520.0,40.0,
2024-08-12,Groveland Oaks,campground,12.0,168.0,,
2024-08-12,Red Oaks,waterpark,,882.0,,294.0
2024-08-12,Springfield Oaks,golf,,992.0,32.0,
2024-08-12,Waterford Oaks,waterpark,,759.0,,253.0
2024-08-13,Addison Oaks,campground,14.0,112.0,,
2024-08-13,Glen Oaks,golf,,952.0,28.0,
2024-08-13,Groveland Oaks,campground,15.0,195.0,,
2024-08-13,Red Oaks,waterpark,,728.0,,182.0
2024-08-13,Springfield Oaks,golf,,1140.0,30.0,
2024-08-13,Waterford Oaks,waterpark,,825.0,,275.0
2024-08-14,Addison Oaks,campground,14.0,154.0,,
2024-08-14,Glen Oaks,golf,,1440.0,36.0,
2024-08-14,Groveland Oaks,campground,9.0,90.0,,
2024-08-14,Red Oaks,waterpark,,870.0,,290.0
2024-08-14,Springfield Oaks,golf,,1050.0,35.0,
2024-08-14,Waterford Oaks,waterpark,,1380.0,,276.0
2024-08-15,Addison Oaks,campground,7.0,77.0,,
2024-08-15,Glen Oaks,golf,,840.0,21.0,
2024-08-15,Groveland Oaks,campground,5.0,60.0,,
2024-08-15,Red Oaks,waterpark,,860.0,,215.0
2024-08-15,Springfield Oaks,golf,,1224.0,36.0,
2024-08-15,Waterford Oaks,waterpark,,975.0,,195.0
2024-08-16,Addison Oaks,campground,12.0,108.0,,
2024-08-16,Glen Oaks,golf,,960.0,32.0,
2024-08-16,Groveland Oaks,campground,10.0,150.0,,
2024-08-16,Red Oaks,waterpark,,1105.0,,221.0
2024-08-16,Springfield Oaks,golf,,1156.0,34.0,
2024-08-16,Waterford Oaks,waterpark,,567.0,,189.0
2024-08-17,Addison Oaks,campground,5.0,60.0,,
2024-08-17,Glen Oaks,golf,,900.0,25.0,
2024-08-17,Groveland Oaks,campground,11.0,121.0,,
2024-08-17,Red Oaks,waterpark,,1136.0,,284.0
2024-08-17,Springfield Oaks,golf,,1160.0,29.0,
2024-08-17,Waterford Oaks,waterpark,,700.0,,140.0
2024-08-18,Addison Oaks,campground,11.0,121.0,,
2024-08-18,Glen Oaks,golf,,992.0,31.0,
2024-08-18,Groveland Oaks,campground,11.0,143.0,,
2024-08-18,Red Oaks,waterpark,,1380.0,,276.0
2024-08-18,Springfield Oaks,golf,,1054.0,34.0,
2024-08-18,Waterford Oaks,waterpark,,1120.0,,224.0
2024-08-19,Addison Oaks,campground,13.0,104.0,,
2024-08-19,Glen Oaks,golf,,1147.0,37.0,
2024-08-19,Groveland Oaks,campground,12.0,132.0,,
2024-08-19,Red Oaks,waterpark,,620.0,,155.0
2024-08-19,Springfield Oaks,golf,,1088.0,32.0,
2024-08-19,Waterford Oaks,waterpark,,1160.0,,232.0
2024-08-20,Addison Oaks,campground,7.0,63.0,,
2024-08-20,Glen Oaks,golf,,740.0,20.0,
2024-08-20,Groveland Oaks,campground,10.0,100.0,,
2024-08-20,Red Oaks,waterpark,,760.0,,152.0
2024-08-20,Springfield Oaks,golf,,720.0,24.0,
2024-08-20,Waterford Oaks,waterpark,,824.0,,206.0
2024-08-21,Addison Oaks,campground,11.0,99.0,,
2024-08-21,Glen Oaks,golf,,1365.0,39.0,
2024-08-21,Groveland Oaks,campground,20.0,280.0,,
2024-08-21,Red Oaks,waterpark,,1312.0,,328.0
2024-08-21,Springfield Oaks,golf,,1440.0,40.0,
2024-08-21,Waterford Oaks,waterpark,,964.0,,241.0
2024-08-22,Addison Oaks,campground,15.0,150.0,,
2024-08-22,Glen Oaks,golf,,864.0,27.0,
2024-08-22,Groveland Oaks,campground,14.0,168.0,,
2024-08-22,Red Oaks,waterpark,,1500.0,,300.0
2024-08-22,Springfield Oaks,golf,,1110.0,30.0,
2024-08-22,Waterford Oaks,waterpark,,453.0,,151.0
2024-08-23,Addison Oaks,campground,15.0,135.0,,
2024-08-23,Glen Oaks,golf,,1015.0,29.0,
2024-08-23,Groveland Oaks,campground,6.0,84.0,,
2024-08-23,Red Oaks,waterpark,,642.0,,214.0
2024-08-23,Springfield Oaks,golf,,930.0,31.0,
2024-08-23,Waterford Oaks,waterpark,,816.0,,204.0
2024-08-24,Addison Oaks,campground,14.0,112.0,,
2024-08-24,Glen Oaks,golf,,1092.0,28.0,
2024-08-24,Groveland Oaks,campground,15.0,150.0,,
2024-08-24,Red Oaks,waterpark,,595.0,,119.0
2024-08-24,Springfield Oaks,golf,,1360.0,34.0,
2024-08-24,Waterford Oaks,waterpark,,720.0,,144.0
2024-08-25,Addison Oaks,campground,10.0,80.0,,
2024-08-25,Glen Oaks,golf,,1260.0,36.0,
2024-08-25,Groveland Oaks,campground,13.0,143.0,,
2024-08-25,Red Oaks,waterpark,,387.0,,129.0
2024-08-25,Springfield Oaks,golf,,1254.0,33.0,
2024-08-25,Waterford Oaks,waterpark,,1132.0,,283.0
2024-08-26,Addison Oaks,campground,12.0,120.0,,
2024-08-26,Glen Oaks,golf,,1120.0,32.0,
2024-08-26,Groveland Oaks,campground,13.0,182.0,,
2024-08-26,Red Oaks,waterpark,,1210.0,,242.0
2024-08-26,Springfield Oaks,golf,,1480.0,40.0,
2024-08-26,Waterford Oaks,waterpark,,663.0,,221.0
2024-08-27,Addison Oaks,campground,13.0,104.0,,
2024-08-27,Glen Oaks,golf,,1295.0,35.0,
2024-08-27,Groveland Oaks,campground,20.0,200.0,,
2024-08-27,Red Oaks,waterpark,,1230.0,,246.0
2024-08-27,Springfield Oaks,golf,,1302.0,42.0,
2024-08-27,Waterford Oaks,waterpark,,1885.0,,377.0
2024-08-28,Addison Oaks,campground,6.0,60.0,,
2024-08-28,Glen Oaks,golf,,1260.0,35.0,
2024-08-28,Groveland Oaks,campground,5.0,60.0,,
2024-08-28,Red Oaks,waterpark,,1450.0,,290.0
2024-08-28,Springfield Oaks,golf,,1102.0,29.0,
2024-08-28,Waterford Oaks,waterpark,,1124.0,,281.0
2024-08-29,Addison Oaks,campground,13.0,117.0,,
2024-08-29,Glen Oaks,golf,,1120.0,32.0,
2024-08-29,Groveland Oaks,campground,6.0,72.0,,
2024-08-29,Red Oaks,waterpark,,750.0,,250.0
2024-08-29,Springfield Oaks,golf,,1330.0,35.0,
2024-08-29,Waterford Oaks,waterpark,,1084.0,,271.0
2024-08-30,Addison Oaks,campground,13.0,104.0,,
2024-08-30,Glen Oaks,golf,,1050.0,35.0,
2024-08-30,Groveland Oaks,campground,12.0,120.0,,
2024-08-30,Red Oaks,waterpark,,570.0,,114.0
2024-08-30,Springfield Oaks,golf,,875.0,25.0,
2024-08-30,Waterford Oaks,waterpark,,1032.0,,258.0
2024-08-31,Addison Oaks,campground,13.0,143.0,,
2024-08-31,Glen Oaks,golf,,1147.0,31.0,
2024-08-31,Groveland Oaks,campground,5.0,55.0,,
2024-08-31,Red Oaks,waterpark,,1280.0,,256.0
2024-08-31,Springfield Oaks,golf,,880.0,22.0,
2024-08-31,Waterford Oaks,waterpark,,501.0,,167.0
